Call_ID,Agent_ID,Customer_ID,Call_Timestamp,Call_Topic,Channel,Wait_Time,Call_Duration,Call_Status,Sentiment_Score,CSAT_Score
dfcb33af-77e1-455a-9242-67b6378ba4d8,1,"",3/26/2026,,,23,52,,80,94
d54bef40-03d2-40bc-b12b-01c5dae6be83,2,"",10/3/2025,,,24,88,,67,87
bbb740ac-82dd-44ec-8df4-8dd332bb202d,3,"",1/4/2026,,,15,74,,52,1
b8a60722-973c-40f8-861b-d24526481fa0,4,"",3/6/2026,,,9,16,,78,56
82d8195a-a02c-4487-8112-790607a6e7bd,5,"",10/5/2025,,,77,66,,57,5
63148c29-ec6b-4517-907c-ab775f8e36b0,6,"",1/20/2026,,,36,72,,30,46
d252bf02-4ec8-4a01-b045-84f110d57406,7,"",11/16/2025,,,57,11,,41,96
e4d167a6-bcba-486d-bab2-1695a9f511bd,8,"",11/27/2025,,,66,4,,28,36
fa351a51-436e-4838-8285-164695af3f72,9,"",1/28/2026,,,61,75,,47,51
ff9599d7-e3e2-4b48-b57d-417e7f9a8e46,10,"",4/20/2025,,,3,4,,39,35
6d6b3310-ac19-46ac-83c1-2cffc3922b2c,11,"",5/26/2025,,,36,76,,77,77
d38ae31f-7555-4237-be4b-8269d1bebcd7,12,"",8/15/2025,,,67,27,,87,59
405b12fd-a40f-47a4-9e05-5b9b8c34bc7d,13,"",8/5/2025,,,72,53,,51,73
ae375d6d-74ed-409a-98b6-7875fd603f2d,14,"",12/1/2025,,,4,61,,97,34
65ee256b-dd19-4be0-a5a7-f638f22436b2,15,"",8/5/2025,,,98,16,,55,97
41fb894a-2472-4e32-9e0c-c85e45a03dca,16,"",1/29/2026,,,57,1,,82,38
bd2c9ba0-ff88-4206-83ff-f723776ac028,17,"",2/10/2026,,,76,90,,41,15
b2aa7fe3-cf5e-4852-a68f-8a9e1f89700f,18,"",11/11/2025,,,70,31,,24,44
23477722-2310-452a-adae-7ef0f6d60874,19,"",1/6/2026,,,74,80,,4,35
b65d4428-8cbe-4dbe-b9d3-dba26327c9b5,20,"",5/6/2025,,,42,4,,54,87
369c2ced-bbe9-4869-a2d5-ccce2dead6e3,21,"",6/2/2025,,,83,40,,28,12
b2f34cc2-4536-45be-9b03-e602fa28dc11,22,"",11/2/2025,,,11,75,,32,11
2f5ba39b-c65e-4baf-aebc-37a0693a9897,23,"",3/29/2026,,,1,48,,63,21
19f77f41-3e3f-4a4b-a74a-1b33ebd4ea9f,24,"",12/29/2025,,,26,23,,70,70
b831139d-b5f4-461d-a08f-ca9d924c6b57,25,"",11/2/2025,,,35,39,,95,3
102f9637-e16b-49ee-aa0a-6ce0c655e55a,26,"",8/14/2025,,,67,26,,12,60
eeea5fbc-6edc-4451-b1aa-5d3166974a40,27,"",6/17/2025,,,25,50,,75,10
a18606cc-d39c-4828-87fb-9ac4bfa96bb9,28,"",8/30/2025,,,10,58,,14,15
1dd8fb74-c5cb-4ae4-8657-deb9030c930a,29,"",11/8/2025,,,57,81,,56,84
d7802caf-b968-467e-9dbc-ec131d2e92f6,30,"",4/18/2026,,,84,40,,61,91
7ba1feab-36ca-45ea-a62f-43baacd86419,31,"",6/12/2025,,,71,93,,68,3
c9ce8732-6595-4c7c-bd7b-57ddf7312cd4,32,"",7/12/2025,,,40,36,,88,70
ba3132e2-9e42-4c22-adca-6ce3cd7553e2,33,"",4/9/2026,,,32,12,,45,83
640082b0-2f12-4a5e-9aba-31688a08bb6b,34,"",1/24/2026,,,76,71,,95,99
a3b27610-0e8b-44d3-8d81-5026ea6d6a76,35,"",2/14/2026,,,98,79,,92,75
8a198074-66f7-4174-a576-488b8efda4d4,36,"",7/28/2025,,,91,59,,74,1
c17ad042-8e3a-4bb5-8d53-00b4dcfae26f,37,"",10/13/2025,,,5,47,,41,59
2edc4aaa-039d-42d5-93c0-96be8a57f5e8,38,"",11/29/2025,,,13,43,,86,28
616dd493-32a3-4e4a-9333-66cee90e4fe1,39,"",2/9/2026,,,24,11,,7,70
6e66f064-2685-45a4-ab8b-335a532d5261,40,"",4/10/2026,,,63,99,,84,91
8105b65f-176b-4bb5-8789-ef10bcee5a01,41,"",4/26/2025,,,95,40,,97,55
33439a90-c01e-4501-ba85-9bf145e7b0cc,42,"",8/7/2025,,,58,5,,7,69
e13393b5-5be7-4914-a5fe-ae2236d44570,43,"",9/7/2025,,,3,46,,57,90
69f41d6e-9d9e-4339-8d5d-9aeaa240956d,44,"",1/18/2026,,,54,93,,1,37
2c0e8710-27b9-40f2-bf0e-cff5ce176c4d,45,"",1/20/2026,,,49,96,,13,27
8e1cf72c-8f42-45c4-8c56-4c80a0760869,46,"",2/22/2026,,,55,87,,95,40
3da49b4d-3bb3-4403-94ef-ce3be1b5c191,47,"",1/25/2026,,,19,95,,75,55
c6559adf-f6e7-493d-9347-c897ca3e17af,48,"",5/21/2025,,,50,71,,47,95
e7101881-7a8b-48d1-8212-dbebd0e670e4,49,"",7/22/2025,,,26,70,,22,87
929ce011-8976-4281-849a-ab3a072d3129,50,"",7/3/2025,,,41,49,,16,82
74d347a1-0435-48ce-a24c-206165028c4b,51,"",1/17/2026,,,96,21,,52,48
05855dc3-9c5d-416d-933f-1023394bd82e,52,"",6/21/2025,,,96,81,,50,58
fb1fd78e-ad73-4583-aa83-2209a0656fa6,53,"",10/15/2025,,,90,22,,36,81
e35cf67a-e838-4467-9e8e-964dd15481a7,54,"",7/24/2025,,,19,20,,96,56
d2d84104-250c-46b2-af08-b0b74d08c749,55,"",12/9/2025,,,74,51,,28,37
9af67642-5647-45a7-95fc-5f1b2e0b1985,56,"",3/27/2026,,,85,96,,17,77
f9a2839b-ccb5-4216-a2a6-82467154b766,57,"",9/11/2025,,,15,86,,55,37
ffff4277-2548-4639-ba48-613a20f123dc,58,"",4/11/2026,,,61,39,,68,84
3fb55a49-6e27-4db6-86fd-de2bf946cd93,59,"",4/7/2026,,,80,68,,48,77
123a747b-d09b-4456-a069-bb0a4c2b8790,60,"",3/23/2026,,,50,61,,47,79
733d1164-d21e-405a-afa2-83257152ee83,61,"",2/11/2026,,,99,19,,91,81
bdc8d85e-6941-4713-9fde-647046e8e023,62,"",3/23/2026,,,77,52,,69,78
a483de11-ce1b-4c93-90fd-5d56e200b9b6,63,"",10/26/2025,,,37,73,,11,67
69131080-0d5c-49f9-be6b-180bf1e23b20,64,"",7/31/2025,,,83,81,,24,42
36776d31-b82e-423d-a6b9-ec5dba43c8c6,65,"",2/16/2026,,,8,72,,36,17
6b774403-d91a-4df7-a81a-b8ba03fdcf06,66,"",10/19/2025,,,95,95,,73,38
dec1f9f3-0912-4679-8d9c-e1d53d5f7729,67,"",5/19/2025,,,3,87,,72,10
327f00db-6f7d-4928-8a03-cd56b44dded3,68,"",4/1/2026,,,21,68,,65,86
7ad40829-8fe4-461d-bfec-4b240b420018,69,"",7/24/2025,,,48,91,,51,80
90ba4699-de19-4b8f-890f-da903a09af12,70,"",6/6/2025,,,5,19,,62,67
0ff081c2-09f5-4225-908d-ea7704a737c1,71,"",1/12/2026,,,29,93,,94,45
d01b2fc6-a844-4ffc-b013-7b4a4c7769c6,72,"",5/1/2025,,,84,17,,76,21
c1f5dd46-fd2b-48b1-9e6a-d153ba17addc,73,"",10/7/2025,,,51,66,,71,47
1e537b97-ef65-44c3-a537-ea7f1c8be0c9,74,"",5/17/2025,,,99,22,,12,82
bc65fb01-158d-4ee7-a2bb-21b81e7cc767,75,"",2/23/2026,,,38,94,,64,8
23b4c106-a4a4-4e32-97d8-da23686d300e,76,"",9/22/2025,,,12,3,,44,15
838187e9-0dbe-402a-ac59-735af198798b,77,"",11/8/2025,,,25,39,,42,1
d1ea08e3-e836-4ec1-a65c-6186ff6ab51f,78,"",1/31/2026,,,33,29,,91,72
af4d045c-1f23-4b8f-b87c-d9642f6385f2,79,"",6/25/2025,,,57,93,,16,41
57e0e136-0707-4fe9-847a-e47af828ff3f,80,"",5/31/2025,,,25,52,,17,12
239f07e5-a4a6-4acc-802e-60a8845a4ec4,81,"",10/27/2025,,,30,52,,13,90
059188d8-6e1e-4e60-8161-1634cffeb52e,82,"",8/23/2025,,,20,63,,10,74
5feedc09-6a3c-4af5-b9ad-a225f3f1ea09,83,"",8/15/2025,,,69,41,,19,61
5468efe7-0cc8-4466-8474-8a6ba6e1fe5e,84,"",9/3/2025,,,51,78,,14,40
de125a4d-14e3-4e27-a41b-c37f3ccaa25d,85,"",1/18/2026,,,36,52,,13,7
a2ea6176-5af9-4746-8005-e1ec59d2c64b,86,"",6/4/2025,,,90,66,,28,69
5809fb14-318f-4513-a693-06bf800e301a,87,"",5/3/2025,,,54,22,,90,46
7a112663-a1e9-4c8e-bdab-7a47209ff678,88,"",9/11/2025,,,70,34,,13,1
c24e88f9-0ee8-4f11-9e00-f2e7feed5834,89,"",5/15/2025,,,92,8,,72,45
8a945786-3305-453d-a03e-db28c4816349,90,"",11/13/2025,,,77,74,,37,60
9eb835cf-8a2e-4532-bc4d-32f6b41cb212,91,"",5/30/2025,,,32,65,,14,33
a6de8715-ab18-4e6d-9768-b911d644da52,92,"",2/3/2026,,,17,28,,56,61
5e9c9467-49c8-48b5-b7a5-df860aa4d4a9,93,"",10/13/2025,,,14,83,,62,6
633a5611-c82d-4928-b4e2-161fb120eb5e,94,"",5/5/2025,,,47,15,,40,18
42abf752-a2ff-4a49-ad77-8b696c4bdf32,95,"",5/4/2025,,,42,79,,90,19
bfe9e0a3-4e83-43fe-9bcd-a32835a9050f,96,"",2/14/2026,,,89,88,,21,80
42338f78-06c1-4ee5-a57b-69a4bea51b0a,97,"",4/5/2026,,,64,10,,41,39
b38c7b1e-5453-4209-834d-d2af6f3801f4,98,"",10/3/2025,,,62,63,,25,78
01b24ed5-4384-4fe9-b09c-8b7ad8534d6a,99,"",9/22/2025,,,63,28,,39,64
72fe27a5-d452-4245-a940-f9f32372ddbb,100,"",9/29/2025,,,86,87,,71,90
b834e32c-11c5-403f-afde-c1d7deedc529,101,"",5/11/2025,,,67,10,,8,55
cf988187-fc90-4d9c-a528-508ee00c2594,102,"",1/7/2026,,,13,2,,76,9
ebdcf9f2-fce6-44bc-a854-b79e71367256,103,"",4/1/2026,,,78,63,,89,7
9509ece4-08dc-4699-988e-0c5bee5df5c4,104,"",6/23/2025,,,35,60,,18,48
02df891b-1249-4b4a-a2e5-69e472c2a324,105,"",11/7/2025,,,2,31,,39,77
fcd9e491-e5b4-4039-bb2d-09e189dc7b64,106,"",3/2/2026,,,89,5,,69,60
4af1ea04-b329-47bc-ac56-e256e064709e,107,"",1/14/2026,,,15,25,,43,7
94901f1b-b0c1-49cd-aa83-69e603e9fd27,108,"",6/6/2025,,,62,81,,54,27
f9c54e45-5f53-45d1-8702-29954656787d,109,"",5/15/2025,,,93,32,,19,31
47b8e5cf-ecaa-4111-bf59-a770ed364a3b,110,"",11/14/2025,,,16,58,,45,73
de7b3bbe-a7d4-41b9-ac5f-55d815f4c926,111,"",1/7/2026,,,41,78,,26,77
3ddaf3a1-71f3-4985-902e-08934fc12cdb,112,"",2/15/2026,,,65,37,,84,85
aa83b1a1-5ec4-409e-856b-d8d6aa4fcc4d,113,"",12/24/2025,,,10,28,,12,98
335b7a86-b165-4656-a576-37a323d08207,114,"",2/16/2026,,,52,1,,15,96
5082e8fd-e6fc-4bbd-a199-2be472d400f5,115,"",11/12/2025,,,83,20,,82,28
de88405e-23e4-4b51-a8c5-6bbfe79f48bb,116,"",2/21/2026,,,44,81,,25,29
872c55d2-f7fa-42f3-816f-8ff92d2548c3,117,"",4/23/2025,,,59,77,,26,23
202079d2-b876-4fac-84cc-fcbe6db60f08,118,"",8/1/2025,,,92,4,,90,82
22e7975b-dffd-4a7c-a070-c3d9db9b47dc,119,"",6/26/2025,,,84,33,,82,72
177f8947-3acd-4443-9dc5-8da7527eaa65,120,"",6/5/2025,,,94,59,,12,87
351df177-f2cc-4ceb-abfc-03bd9cb8746c,121,"",9/5/2025,,,35,65,,92,31
7d4ad9ae-2fe8-4ea9-8e2e-e36dd4d949a4,122,"",6/20/2025,,,7,46,,73,82
42968207-2e2c-4237-a965-0b4af937c728,123,"",9/16/2025,,,41,55,,89,35
b1236fb1-82a1-4621-822c-e54c60e97b9e,124,"",1/12/2026,,,50,37,,71,40
c393913d-b8c1-4666-8168-781bcb5e14fc,125,"",11/10/2025,,,79,72,,12,51
e73311d7-8da0-4a7f-b8d8-e7582e419fda,126,"",6/21/2025,,,82,91,,75,68
a8a0b780-628f-440a-912d-7405554a3295,127,"",5/8/2025,,,77,61,,63,26
6f4e667d-e018-4eb8-aeb6-07cc7d82279f,128,"",6/25/2025,,,8,45,,85,9
edbba374-a4cf-449c-aa32-d75185d6c1ec,129,"",6/7/2025,,,67,15,,30,80
7ad671ad-e3c5-4a45-a6ce-c2e4eeede99e,130,"",1/16/2026,,,54,3,,11,25
ff0e2a6d-196c-4455-95aa-97072bbceae0,131,"",8/18/2025,,,74,49,,14,70
b4a511c7-dc7e-4136-860b-719911b37af8,132,"",11/16/2025,,,84,24,,94,26
4cb9af33-5293-4985-bf60-e4faea2c1c26,133,"",9/11/2025,,,57,51,,11,4
7de7bf6a-82d9-4a6b-aebb-0c612f921078,134,"",10/23/2025,,,95,9,,73,90
03dd886c-6ac7-4bb1-98f3-e8a589d09c08,135,"",6/20/2025,,,94,34,,81,93
00c3d950-ed4e-4a46-a5ed-bc5591a9508a,136,"",10/7/2025,,,84,2,,6,29
534983e0-a76c-4390-a70e-53476edab5b9,137,"",4/23/2025,,,54,85,,26,64
f0063cc6-73ea-4aa2-87af-403cfcfdece6,138,"",8/6/2025,,,81,30,,87,12
3512e92a-5a61-40d3-88a2-5f65410d68e4,139,"",8/11/2025,,,30,32,,29,30
b7dff1f3-c3d1-464a-ae91-22913e1792eb,140,"",12/6/2025,,,84,75,,67,97
cd60e491-5877-44e4-99b7-5018a7e5d1f6,141,"",6/16/2025,,,11,66,,95,67
921dd924-a170-4d89-99e0-f6edd46570e2,142,"",8/22/2025,,,64,30,,75,90
3fe6a512-4026-48db-868d-8ebf66221202,143,"",10/29/2025,,,9,1,,65,95
df5cd412-7a5a-4ca7-8175-f6ab4083dac1,144,"",12/6/2025,,,75,51,,56,91
7a57d3f5-7ecd-4516-9807-655e277e25e6,145,"",6/30/2025,,,72,34,,93,58
627770dd-9b04-4004-87f0-aa0edb62193f,146,"",1/4/2026,,,49,50,,45,58
640ce743-3790-4731-9ad2-d931f63e67d7,147,"",1/9/2026,,,55,46,,74,83
a9329a77-73c0-4b07-87ad-c1fbdc92a32e,148,"",3/19/2026,,,35,28,,64,93
ffcb017d-696d-46f9-b64b-a580ba5bab40,149,"",4/21/2025,,,32,47,,86,79
a2072365-6555-4233-b59a-a8802cec80b5,150,"",1/6/2026,,,12,91,,49,51
8db8d08c-69dd-460a-a207-9127b0e931fc,151,"",2/2/2026,,,77,94,,64,49
ca6b94df-73f0-4d40-9f17-ff74c00c431c,152,"",3/4/2026,,,98,54,,15,64
aa3ac2a7-9571-4c42-aa31-9f70629a40db,153,"",2/3/2026,,,2,33,,18,90
57dcbe63-9388-4b1e-a2e8-d29cd6ae2611,154,"",3/31/2026,,,44,85,,11,97
f7396897-b435-42b2-88d5-eda0bffc4a49,155,"",11/1/2025,,,58,89,,75,14
ad41e748-ddb6-4353-bf64-d95ebf850f42,156,"",4/21/2025,,,81,41,,9,49
c80776fb-665c-4c96-82d2-651d400ee25c,157,"",1/15/2026,,,79,80,,19,24
3d0e8220-ef28-43c6-93f7-19602ccbf162,158,"",1/2/2026,,,16,17,,45,39
e89e0f1d-ac53-4f47-a17f-8084ad8185ae,159,"",10/21/2025,,,88,95,,33,19
d5c08d7e-f9c5-4894-8f40-c1d788e8b7d4,160,"",12/11/2025,,,83,73,,66,10
a28fbba3-20f5-409f-8fe0-8231422d9afb,161,"",2/26/2026,,,7,17,,75,28
89e40e4d-4fd8-424f-a443-b51f137f7f45,162,"",6/6/2025,,,84,83,,71,20
d4990092-9070-4301-a9a1-5d4da8cfca0e,163,"",11/20/2025,,,21,89,,100,95
f20d7ec1-296c-4f30-9219-ce5afa419d5b,164,"",7/21/2025,,,63,16,,76,25
eb402e5f-9f2a-41fb-8e7a-4a2fd1d85e4e,165,"",7/13/2025,,,35,2,,37,22
5c6f332a-fb30-4abd-8af1-09ce2f869680,166,"",2/2/2026,,,34,11,,15,74
7d0c4f61-4167-401c-af18-9740faf34a51,167,"",9/28/2025,,,29,75,,66,14
9d166a9b-b41f-4ba5-b831-39143d7b34d1,168,"",7/16/2025,,,35,96,,89,36
dfa277a5-a4bd-4b37-b81e-73f55748b996,169,"",8/6/2025,,,30,37,,56,73
154982cd-7f60-45af-8cd4-205ecfe322cf,170,"",5/18/2025,,,69,10,,73,76
bba183e1-acff-4272-be79-708c1f5c7414,171,"",7/13/2025,,,97,18,,23,3
341dc4ab-e9d7-4a69-84cc-2ada6da03e92,172,"",8/25/2025,,,83,50,,19,9
b28e58e6-90de-4813-9bf7-732896c8b559,173,"",7/11/2025,,,56,83,,18,11
e14b255e-cddd-4392-843e-d0df59dab4c7,174,"",2/28/2026,,,92,95,,30,23
4133d9e2-4550-4e10-8be0-3d9a7fd4228c,175,"",10/19/2025,,,44,55,,28,65
5a8517fb-f32f-465e-9d72-3bdd778b41dd,176,"",8/29/2025,,,85,71,,82,36
09b4f03b-7aa7-4f80-87e7-424114e7917a,177,"",9/28/2025,,,8,46,,9,83
f6f4bccc-7e6d-4914-a571-2f6c07d21463,178,"",2/14/2026,,,30,85,,60,26
3fec517d-0f7f-4162-85e5-e2b68f58f55b,179,"",9/10/2025,,,83,11,,43,4
1bc817fb-5471-46f7-b198-c949c89ce9a9,180,"",11/18/2025,,,24,17,,13,2
604e89e3-592f-469e-aa6d-48f27cb1e6d9,181,"",6/29/2025,,,66,80,,9,79
88bf2b56-45c4-4af6-808f-29f232080f3e,182,"",2/26/2026,,,96,81,,3,99
290aa6be-497c-4590-aac3-8c65ff8359a5,183,"",8/27/2025,,,79,51,,74,51
44233a87-c824-44a9-9970-85324418da4d,184,"",11/12/2025,,,34,59,,40,22
bf35e93c-3e75-4f05-b8e5-21443c1882f6,185,"",1/13/2026,,,10,76,,21,98
ea4d2d01-5f35-4d76-9248-a8e084e079cc,186,"",12/11/2025,,,32,23,,77,100
062a12e2-5eb1-4afd-b09f-b7d5277d99a5,187,"",6/18/2025,,,38,4,,54,71
f18db13b-e515-4f37-ac7c-eb4c383fc867,188,"",5/23/2025,,,53,46,,6,28
8b3e87fe-2ca8-4ce5-88d7-a753c3392f7f,189,"",8/29/2025,,,23,13,,60,97
b89ffca8-3dd5-4cfb-8225-4b5a223fd8e2,190,"",9/1/2025,,,55,94,,74,63
7aaf9593-4dd3-48f5-a703-32ce3463f571,191,"",1/28/2026,,,8,11,,56,99
e6d3b7f0-7a3b-4a0f-8b3a-52abc281fec7,192,"",8/22/2025,,,56,27,,96,10
3cf23c99-e5ec-4000-9f56-b3c43fe4d86b,193,"",12/18/2025,,,62,72,,9,58
6bd4babe-2234-4f0b-ac86-a1d92775f8fb,194,"",7/29/2025,,,25,57,,71,92
adc1bec8-1988-4227-8ea3-10ccb1fdda35,195,"",5/20/2025,,,65,78,,18,8
3b5fce3b-f7cf-4143-97b2-15af593c8149,196,"",11/25/2025,,,24,86,,11,75
a65ddc21-3a13-4f59-ba82-4527cffdc373,197,"",9/16/2025,,,49,25,,44,50
335fa12a-c1a4-4916-a31e-7b30c2dc1dfb,198,"",2/25/2026,,,7,63,,92,10
1bd7cb99-6187-456b-9f81-5762897a258a,199,"",8/30/2025,,,44,47,,16,69
1239f0e1-4189-45a3-8a7e-96094a9ba681,200,"",1/19/2026,,,70,77,,92,2
226f121a-66c3-431e-a764-19acd0951c7e,201,"",6/26/2025,,,10,21,,40,86
525943d3-fa61-4aaa-8161-7778e119f2ec,202,"",2/20/2026,,,13,70,,61,12
9ef4411c-fed6-4b79-b530-15f02a349b13,203,"",11/1/2025,,,36,65,,15,39
bbe2442b-e122-4327-a957-24fca28a9ce9,204,"",2/9/2026,,,47,52,,89,25
a2057761-5c5a-4902-95e5-2f9119e288f2,205,"",10/25/2025,,,28,22,,89,33
db33b57d-b952-4313-9e4f-0dd46a5efb16,206,"",6/28/2025,,,61,56,,41,26
4eb8b741-30d8-4c46-89d1-cabc2943ee5c,207,"",9/15/2025,,,54,51,,49,43
b9865971-3144-4868-8fab-b774dbf22f95,208,"",5/15/2025,,,24,88,,60,66
e1cdef15-a024-4c6e-81cf-4dc890ab4665,209,"",6/2/2025,,,15,84,,48,82
18a1c618-b489-4b44-a124-39d8db404788,210,"",5/27/2025,,,11,36,,52,10
b4149c3d-523c-4c22-93a5-34ea588b3655,211,"",10/16/2025,,,20,40,,36,59
9e56530e-efab-4a37-af2c-8b529fa7cd70,212,"",1/27/2026,,,68,29,,86,23
ab59d27a-e38a-47f5-ba93-75eac31d7a55,213,"",2/26/2026,,,75,6,,49,57
1db86116-96ea-4d6a-9c60-cbd561eb0a57,214,"",2/10/2026,,,17,73,,61,63
3ee45ba3-f4c1-433c-bde2-e8b8eaf22f6d,215,"",5/18/2025,,,98,51,,42,51
092f6a8f-1ccc-4d32-a348-f4b7cd6ff07b,216,"",2/25/2026,,,76,35,,90,53
e714865c-f677-4211-9d8a-93517b3fd453,217,"",8/10/2025,,,10,65,,57,66
c01cfe72-f52c-4f66-bd2d-0fe45b198132,218,"",5/21/2025,,,73,74,,51,28
2306b8a8-8f6c-44e4-a8e4-e4a090b89ec0,219,"",7/21/2025,,,97,9,,52,78
c8bcc0b7-a267-48bf-a08b-2c23a718cbf3,220,"",11/16/2025,,,37,8,,12,67
80e90ba5-a77d-4ff5-be89-42a763eeed6c,221,"",1/2/2026,,,33,23,,77,29
f109614e-f8e1-4c0e-80b6-4160203789b2,222,"",8/21/2025,,,66,24,,31,52
cc81ed9e-13d0-4e33-b479-c7faeea9ddef,223,"",6/16/2025,,,78,34,,52,5
cbee8a6a-f2a8-4486-8e87-94cf93057488,224,"",5/15/2025,,,76,87,,52,15
d0c78fd4-e8a7-46ff-964b-6d99d3ced360,225,"",1/18/2026,,,54,67,,61,27
8718ae9e-a04f-44a8-92e0-e68d33f1ee63,226,"",3/15/2026,,,68,52,,69,88
a466ef85-f3c6-4d31-8b66-70079d2772aa,227,"",1/16/2026,,,75,20,,5,25
455b73fb-573e-4619-a566-b2cc896a7065,228,"",11/2/2025,,,30,18,,67,1
79a190e2-1245-40cb-a785-784ce1237460,229,"",9/2/2025,,,37,44,,4,40
ba05c910-7b9b-49de-a96c-4b5d1fa8ceea,230,"",7/28/2025,,,56,28,,53,63
63169435-9380-4557-9877-7e21675a8985,231,"",3/7/2026,,,34,53,,29,99
ccea066d-8929-4402-8784-6aaf01207e3d,232,"",7/14/2025,,,60,90,,13,47
3b41727d-bd96-471a-89c9-dc44e174db98,233,"",1/8/2026,,,97,81,,97,8
1e29faf5-9fd2-483e-8e0b-6e18f5ad32e2,234,"",9/10/2025,,,70,57,,32,36
65a14b74-8e77-4ccd-bab3-f84f16a8eb21,235,"",6/11/2025,,,59,37,,57,65
8f6da12c-ade3-4919-ba79-52b3abc82062,236,"",2/23/2026,,,10,94,,63,95
a844bbf1-d406-4213-9857-9e9692e59482,237,"",3/9/2026,,,66,22,,100,99
812788d5-27bf-4cc8-8689-cfa211344465,238,"",2/2/2026,,,51,11,,45,42
96636698-e076-49e5-b7cb-7f929ae30e08,239,"",1/20/2026,,,53,54,,67,68
115d344a-ed7a-475c-9468-ee760149fda0,240,"",9/13/2025,,,65,21,,81,8
5c6614ae-39e8-43ed-bfe9-cee3e0d37624,241,"",7/8/2025,,,45,20,,79,65
c75ba15a-dc0d-4a8a-97d3-0837b4b0676e,242,"",4/18/2026,,,42,33,,93,98
f79d905b-de42-422c-9710-e82f1c30fa8c,243,"",10/24/2025,,,56,73,,2,9
0550c2e3-afc9-49be-9994-1394506e1be0,244,"",9/25/2025,,,30,1,,34,26
01cb6da7-0946-4998-87df-607a68f8554a,245,"",8/21/2025,,,9,24,,55,5
48f522dd-252d-4bc7-ba63-b36695453a60,246,"",1/2/2026,,,52,55,,13,28
f9e55e47-66c6-4d20-ab33-59c4ae2e3e36,247,"",6/19/2025,,,46,70,,32,65
f87d3a90-eaf8-4ab6-88f4-e5cdcd4adc21,248,"",11/10/2025,,,10,26,,60,26
993b1804-d161-4f44-8cf4-603773b8ec65,249,"",2/3/2026,,,19,41,,58,14
cb1e3652-9069-4085-ba84-997a0d094748,250,"",5/10/2025,,,56,62,,88,46
43a654e9-a9cf-4ecc-aa76-51d9782549c5,251,"",1/9/2026,,,87,2,,57,73
0cd9169a-ed23-42fb-abb2-4b65d08b3b37,252,"",9/8/2025,,,71,54,,26,78
450a40d5-35b0-478e-9a0a-3a91bb0b3f3c,253,"",12/16/2025,,,19,8,,66,2
ac90e5ec-3752-4165-883a-40138542491f,254,"",4/17/2026,,,37,53,,58,93
5bc5a03c-7508-4125-bf72-a40849af9f22,255,"",5/17/2025,,,83,37,,8,97
435728b0-3387-41c8-a40d-0d856a263f07,256,"",9/20/2025,,,45,90,,61,54
e9da55df-df93-454d-8f4f-e686f710c552,257,"",10/30/2025,,,61,28,,70,54
7e7e8866-f478-45f0-b482-1453243e1822,258,"",6/25/2025,,,44,63,,70,49
50dbc7b0-4571-4faf-89f0-659851bc4d79,259,"",8/4/2025,,,74,60,,31,54
e47050e5-1df0-4e13-97a3-49d35b6d0bc6,260,"",10/19/2025,,,21,42,,15,48
52c3791f-cc9b-425c-84e8-186e3fc782fc,261,"",11/23/2025,,,8,41,,11,98
dfa98ce3-1c81-4061-9172-c8510eae3c64,262,"",4/29/2025,,,89,62,,59,7
19b62750-d4b1-4b9f-aac9-bb9bc4c07e50,263,"",5/26/2025,,,31,81,,62,75
4f4004a7-f9c9-456c-8696-b65335f20483,264,"",2/3/2026,,,13,48,,33,87
4b7d9f84-5797-43a0-a1ac-b4904e6a14f1,265,"",11/1/2025,,,50,18,,62,98
0d61661d-984e-46e6-8293-253ec399b54d,266,"",6/18/2025,,,88,70,,81,24
05385832-8a44-480c-be86-fee5958fb197,267,"",2/7/2026,,,83,17,,89,92
b7767c18-0fec-457a-846b-06da6c282293,268,"",6/14/2025,,,35,100,,95,76
85241e7c-57d7-413a-8034-af9b64ed0ceb,269,"",4/12/2026,,,19,45,,96,33
f70745cd-aa83-4091-8789-2fb16a70ee12,270,"",2/20/2026,,,7,86,,41,36
474e30ba-4879-44f6-89c5-1dbc1536eeb3,271,"",2/19/2026,,,99,54,,12,97
cd36a808-36f7-46ca-8e1f-56eab64d1fdc,272,"",11/10/2025,,,15,76,,94,41
d68c96e9-8648-4d1c-9686-9541f26d1ca9,273,"",9/7/2025,,,90,97,,6,89
0b9c37b1-dabd-457d-8b92-433c2cf60235,274,"",8/26/2025,,,74,92,,87,92
ded0cb01-65df-4696-86e4-1cf695125ee1,275,"",2/11/2026,,,98,100,,61,59
70d2ac15-3d3c-4dc0-8d74-3bd881358007,276,"",8/13/2025,,,50,23,,21,98
250e1072-8097-44db-89c3-371ae480b963,277,"",6/13/2025,,,89,75,,77,39
cc2498f6-1e0e-4ba8-8a0e-e32c5f8872a6,278,"",5/22/2025,,,100,55,,84,100
d9b26a1a-3d28-437f-9ee9-5181e656bebd,279,"",9/7/2025,,,56,97,,73,66
304d2b9c-d40b-43bb-9b11-631f048cd278,280,"",2/18/2026,,,37,37,,88,18
4be23776-1613-484d-88f3-09b4d015179c,281,"",9/14/2025,,,69,1,,80,34
9987fc95-6295-424f-8676-8df5609ed95a,282,"",5/27/2025,,,64,41,,40,66
957253b8-b08c-48c3-ab4e-0f7bb4189244,283,"",4/16/2026,,,41,5,,79,50
981ee68c-3faf-42eb-8c75-b977334f1a4b,284,"",8/2/2025,,,66,60,,10,18
6131b9c6-78f5-4b21-b61d-0e1d53fc096a,285,"",12/2/2025,,,44,23,,1,96
bc420d1c-4410-48d1-bf9d-b52ba1c528ac,286,"",12/1/2025,,,77,79,,80,31
515bfa56-4867-457f-901e-84ec69a98f16,287,"",5/1/2025,,,36,77,,1,35
a5449a39-8464-489a-85a9-dd4208cbe105,288,"",3/8/2026,,,67,80,,34,99
d535cc19-19d0-423e-b413-a3a0c854003c,289,"",12/25/2025,,,92,20,,30,54
14efa2de-2ae5-4cfc-a6b0-78774884fcbe,290,"",6/13/2025,,,50,52,,44,4
cf6cdac3-4727-4656-8189-f60f25f407fe,291,"",6/19/2025,,,97,71,,93,94
37f8f004-9849-44c2-953e-2d7fe8cc437a,292,"",2/17/2026,,,15,67,,53,52
2f04c47d-64bd-4b69-ad2b-70c28809e64b,293,"",11/25/2025,,,79,39,,98,55
e4d25ba3-e041-4154-ad09-3b1ed26eb1bc,294,"",8/27/2025,,,18,57,,11,12
f10732c5-b164-412b-9df8-a87b74f3c74d,295,"",3/20/2026,,,99,38,,67,89
a69ed5e0-65df-401f-9301-ed88bddf3b36,296,"",10/8/2025,,,99,75,,58,48
e647ef2b-f4e4-4d77-b609-40fb82b57f9b,297,"",11/2/2025,,,42,47,,33,72
ddf149fc-45f8-4b6d-96db-dcc554780cc0,298,"",3/9/2026,,,56,43,,13,89
e86b3536-2f25-4b5d-81ad-72ddc673cc3d,299,"",5/16/2025,,,54,65,,47,89
5499bfa4-85a9-441e-8ec3-d0c3a6ad8beb,300,"",8/1/2025,,,45,9,,87,39
18cc199a-e257-43be-acb6-3f80e7a60db9,301,"",9/28/2025,,,5,16,,39,7
1e778382-6092-41cb-a849-7e481e24b95a,302,"",8/14/2025,,,49,9,,76,89
921a248a-cbaf-4e3a-9652-eacfc910fefd,303,"",7/17/2025,,,57,43,,23,88
5b2563c2-c2cf-499f-a33f-dd83b34a1f83,304,"",1/25/2026,,,83,6,,85,49
e8713a2f-25f3-4bfe-bbe5-29de7748afe9,305,"",9/27/2025,,,84,52,,70,38
fd6a05d4-da84-4a2f-a8b1-4d9f3dd50441,306,"",1/11/2026,,,59,64,,46,54
3ae3a581-b4ab-4c0c-892c-7d1a48680041,307,"",3/8/2026,,,56,62,,8,12
d7c48493-f557-4d2e-b72d-016a36e3bc18,308,"",3/12/2026,,,13,8,,84,22
f1d01653-0987-4ceb-a856-6e7f2980ff91,309,"",1/4/2026,,,47,63,,65,44
ba2f1cb9-c431-4b5a-aacc-7c816817815b,310,"",1/21/2026,,,99,81,,6,85
4a327de4-5ff9-404f-818e-fa44bde7f615,311,"",6/2/2025,,,29,87,,54,12
c3994b65-bb3a-4cd3-84b2-3a3a3e47fdc6,312,"",7/31/2025,,,18,91,,83,99
d9d78f5c-49ef-4ecc-a9eb-a1ce62174e84,313,"",7/11/2025,,,45,17,,4,97
d15f232b-67ce-435f-bc84-5d18a9897909,314,"",4/26/2025,,,98,2,,96,2
3cab91b6-950b-4bcc-9681-8f4de72c803d,315,"",2/4/2026,,,57,23,,100,11
eea61b1e-786b-4f45-a841-c5b2712d3e42,316,"",5/14/2025,,,35,58,,64,89
1c23afb6-4be6-46f8-a13f-1db1bc7d5ccb,317,"",9/21/2025,,,1,80,,96,100
130205ac-abd4-4926-b4ee-0b01af21007d,318,"",6/4/2025,,,6,54,,17,16
c099a62b-844d-43c4-b7a4-259e6ecbfae9,319,"",6/9/2025,,,38,87,,82,78
bc501d88-6043-4307-85e9-1b5203f66f1c,320,"",4/4/2026,,,34,34,,87,49
e387672e-2528-4f8b-98da-3279c0b3d780,321,"",11/19/2025,,,52,76,,56,98
bef6c688-fcc6-4804-9106-de5e67a7c717,322,"",8/22/2025,,,30,70,,42,19
2f327fab-ab78-4653-abf8-5d19e8faf7b4,323,"",4/30/2025,,,55,72,,82,56
ef8faea6-eb42-4bf2-9b97-a9efb392bd6b,324,"",7/27/2025,,,90,29,,16,56
58f1d45b-d6a6-4e21-a5bc-6368ecf87ecd,325,"",1/18/2026,,,36,31,,19,64
5af51bb9-1555-4140-9275-9ddf294c02ad,326,"",11/19/2025,,,3,52,,44,84
eef044d5-5d9e-4d40-84ef-574ee52a4b92,327,"",3/26/2026,,,57,92,,35,80
831d0ad2-32d7-4e00-b466-25829a387d69,328,"",5/25/2025,,,37,19,,59,13
ff51143d-ee2e-4999-a786-62ed21845d4c,329,"",9/8/2025,,,42,76,,33,65
d1a3e4ad-f83e-4f0e-b485-12fc55dd0e5f,330,"",4/24/2025,,,49,83,,37,15
69503e91-62e4-4afc-ac99-68d038dd9e78,331,"",8/11/2025,,,59,38,,74,44
98dbaefb-7f05-4f38-a333-988effaa0da7,332,"",9/30/2025,,,72,43,,97,47
28d4a41a-fd59-4cd6-bdf3-8441f6a834ed,333,"",2/6/2026,,,62,44,,77,19
de1fa4a6-1b6b-4907-a0ab-09920b753943,334,"",7/15/2025,,,97,20,,18,93
7dfef46a-2969-4cb4-96ff-b1e23dd6d137,335,"",2/13/2026,,,98,2,,64,94
d9d4a9a6-1176-4a49-aba3-bc595fbef2af,336,"",4/12/2026,,,85,90,,28,66
fcac1393-4513-4a75-a2e9-f964ebf89eb2,337,"",4/19/2026,,,29,65,,49,94
a977f23f-5f15-475e-b28c-73bdf53a9357,338,"",1/17/2026,,,46,91,,9,71
aaf9398f-a2f3-40cb-9b55-6394c3c6c7f5,339,"",5/28/2025,,,53,14,,91,71
8aa30c45-76b1-40bf-9071-57e3eab5cad0,340,"",6/29/2025,,,9,88,,50,73
739c8f29-64b8-4399-906c-d5c20011c01c,341,"",1/19/2026,,,21,65,,39,18
59ad2dc0-2e97-4142-b720-18d767fc853b,342,"",11/10/2025,,,28,17,,15,72
e490a3ec-26f0-4001-8851-4200e44207e7,343,"",5/28/2025,,,33,99,,59,11
b26bee53-1061-4ae9-9f45-afba6f86dba1,344,"",6/17/2025,,,24,65,,25,74
afc5b070-4505-4208-a358-6d8a2bc25faf,345,"",9/23/2025,,,38,47,,15,95
690c92e3-0375-4a1b-977d-90cb03ebc373,346,"",3/3/2026,,,6,73,,3,73
96d3f2d6-faef-456f-b235-de6ad02b9b8e,347,"",11/15/2025,,,72,98,,4,71
76a766d3-18e8-4ecb-89d9-ed8b5418f8c6,348,"",10/11/2025,,,82,95,,28,84
bbfa035c-89cd-479f-a939-e353e3f5bed4,349,"",4/28/2025,,,59,86,,21,7
f8fc7268-9026-4ec0-879c-5341d1350ff8,350,"",11/22/2025,,,66,79,,13,27
54d7fbf0-418c-4f9d-9c40-75e5a219be9d,351,"",12/7/2025,,,1,12,,33,29
ee3e88bc-afb6-4067-9e73-3af60551b474,352,"",9/28/2025,,,49,66,,23,94
838d8e0b-9f02-44d6-bbe0-e389380f389e,353,"",3/10/2026,,,45,88,,54,67
53ea9602-8725-4f5b-a901-18056a913278,354,"",9/9/2025,,,89,34,,71,22
89126c8f-1160-48b8-b9c6-a9e395d928ad,355,"",6/28/2025,,,38,58,,6,63
362056ae-c221-4d73-aca1-5d70bc5cf78d,356,"",2/25/2026,,,75,11,,3,61
b36af773-271c-41e5-9c32-d30a679d5632,357,"",8/10/2025,,,38,16,,34,47
3dc5ffd2-0569-4ebd-925a-9d38722b825f,358,"",9/26/2025,,,45,66,,65,24
bb8e2ef4-9057-4330-9d1b-ec4988e44131,359,"",4/22/2025,,,32,56,,31,71
d1ca7403-3ef8-411f-8eec-54f63c50460b,360,"",4/6/2026,,,26,23,,4,3
3ce37b23-02bc-4046-ae1a-0a9f04d51bc9,361,"",9/20/2025,,,58,61,,97,98
96ce230b-0822-42e8-8e18-8377478141a9,362,"",4/6/2026,,,54,9,,49,4
7540e7e7-1379-474e-bb32-714c8177bf10,363,"",1/30/2026,,,70,54,,7,8
1c0207aa-4b45-434a-84f6-b92ca06326ff,364,"",4/25/2025,,,23,44,,20,99
002ce708-6079-4627-91de-3b67d01d4850,365,"",5/16/2025,,,5,56,,52,95
7d1f3995-5a1c-4ecf-879e-31e10bb8ccb1,366,"",7/13/2025,,,60,96,,92,98
917f7720-1fdc-4c8c-af4b-2eb102c0e0e7,367,"",7/9/2025,,,77,52,,13,13
3b5a81e2-9d3c-4b3e-8954-d40451e36986,368,"",3/8/2026,,,47,91,,83,61
3a89a4bc-6307-4337-a905-40382ea63068,369,"",4/29/2025,,,10,62,,2,36
9387760f-27f6-4a1e-bd9f-89becfb2d331,370,"",6/27/2025,,,84,41,,16,45
803dad9c-7835-4d6a-884c-b94cd4b8f645,371,"",9/17/2025,,,95,80,,65,70
13a04d73-8fe5-4a11-bd69-caae9b3a3b0a,372,"",9/7/2025,,,15,86,,57,22
c5ee0b1b-3351-4d5a-967d-d64cc6790e83,373,"",1/7/2026,,,91,82,,60,68
71ae8fdb-913f-4797-bcb5-b60b85084a84,374,"",5/14/2025,,,61,34,,4,62
a1eabae1-2c0e-41ea-8beb-36f65928bb45,375,"",8/3/2025,,,62,83,,96,49
a52d8771-907c-49a0-80ef-158ddf548de1,376,"",12/31/2025,,,62,15,,19,32
7b7e7453-3be8-4316-abdf-7e03dc8b5f1e,377,"",10/19/2025,,,47,34,,91,1
545615d3-3802-4783-bde0-41488cf6325d,378,"",3/1/2026,,,3,3,,22,99
fd8b0377-1975-404a-bcf7-dbf6eb8600d6,379,"",3/16/2026,,,10,43,,98,23
90f10446-e576-4470-a472-6f01aa8e6691,380,"",7/29/2025,,,34,33,,74,46
bc1dfe82-b7e2-4bf7-9156-76f26165034d,381,"",10/7/2025,,,81,78,,78,65
c5fbe693-743c-41da-9471-bbb2ffd909a8,382,"",12/10/2025,,,70,95,,98,97
99fed396-60c8-48a0-8902-c6b613be37f5,383,"",1/16/2026,,,8,77,,74,58
caed3886-8bbc-4eaa-8890-3886cdd3781e,384,"",8/12/2025,,,68,18,,76,65
c99ce07c-9458-46a3-83d1-63fddbf1c859,385,"",11/26/2025,,,46,86,,20,88
f062fb5a-6d41-42a7-82ba-5e296e0906be,386,"",10/3/2025,,,31,44,,22,75
e92d5a59-ff83-41c7-ba43-072e572a82c0,387,"",1/6/2026,,,7,5,,99,7
2f109c44-c32a-49bf-8594-473a7f167919,388,"",2/14/2026,,,14,29,,14,1
7a6c6efb-f229-46d8-a2f6-3ef1ec95c6ff,389,"",10/30/2025,,,10,35,,9,71
21a1154d-0ef2-4750-921b-5eb9b458430f,390,"",10/25/2025,,,62,59,,91,92
cb8464cd-5ba0-4f32-ad5c-fc7247c17781,391,"",1/21/2026,,,100,24,,95,79
3b516805-1a20-4e4b-84f9-8d93d80f7ddb,392,"",6/14/2025,,,24,50,,41,55
7093d304-4174-4c51-b4d9-00a3480fbe55,393,"",12/9/2025,,,13,71,,60,8
60ce9458-1e90-4224-9ce9-1f1e8ca0b283,394,"",2/12/2026,,,73,53,,5,71
3b58124e-0009-4da6-84c0-df14a1d0d881,395,"",7/25/2025,,,37,18,,4,86
cb98d579-ccf9-4126-890c-f4cd1057a044,396,"",12/16/2025,,,49,88,,13,73
c2a1cf1a-007f-406e-8018-979fb00adb9e,397,"",3/3/2026,,,94,24,,8,45
df21225a-2873-473f-8146-f42a5366043b,398,"",8/10/2025,,,10,48,,18,12
46e7be59-e80c-4bef-912e-8b27c5d33a33,399,"",9/19/2025,,,88,74,,99,92
1050f75b-b8ab-46ee-b59c-6ab0c93110d3,400,"",12/16/2025,,,45,91,,81,73
834de910-c65a-425e-b8c5-77e319ef4a37,401,"",4/22/2025,,,55,92,,73,87
bd8e8e31-152d-45dc-ac78-67651fe04486,402,"",5/3/2025,,,87,49,,50,98
dd7cedbf-673b-4e96-80e9-4203f978e8dc,403,"",9/12/2025,,,98,96,,2,81
21901317-0027-4a96-b304-cde459b43742,404,"",4/13/2026,,,33,12,,86,26
9e6dec46-4cec-46eb-8cf0-e6963e9eac92,405,"",5/13/2025,,,29,12,,11,4
9ae9ce07-e757-4efa-9302-dc683da94326,406,"",2/5/2026,,,6,47,,53,70
dc54830f-8621-47ce-8fa2-dd4dd99c5a1a,407,"",7/4/2025,,,36,58,,51,23
726039b5-5cca-4201-a075-ebd6589766b6,408,"",1/30/2026,,,7,86,,64,6
cfdb8297-39f5-4120-85bb-9dc4d0e84f56,409,"",2/13/2026,,,31,40,,89,36
ebc62fa1-15c6-4560-9ca9-82330c8de322,410,"",11/24/2025,,,4,46,,42,55
f98d670b-2f42-461b-8467-c9627221dda2,411,"",2/7/2026,,,52,28,,7,53
88c43c2f-24bb-4992-8d21-64a2480257b1,412,"",2/11/2026,,,99,95,,20,18
92929038-0ef8-44c9-8f2c-6819c23e4b56,413,"",8/27/2025,,,13,80,,45,29
f2072fac-bba9-4ea2-a2f8-ece6b8bef209,414,"",7/13/2025,,,48,73,,69,1
36d559e8-176a-4a39-8317-f93fb62c8946,415,"",4/30/2025,,,30,77,,62,53
9f02e8fe-379d-4242-8501-a63792facde5,416,"",12/20/2025,,,49,60,,92,16
00b0a446-1b0d-4d35-a761-79fb7b875b42,417,"",9/16/2025,,,56,88,,39,80
7789ca3a-a289-47ed-be0a-a7f7902e114b,418,"",10/12/2025,,,7,14,,30,91
718a60e8-11ff-45df-96dc-8261cada22f3,419,"",3/8/2026,,,83,47,,56,95
931c2824-4232-43e2-986e-c0ed029af326,420,"",3/2/2026,,,68,15,,49,47
d076ad6f-4db4-44ba-8eab-708808d3236b,421,"",1/9/2026,,,22,37,,15,51
a86847ea-e4bc-46f4-b33c-cfe2fa8f162f,422,"",8/17/2025,,,62,81,,5,73
94b0e218-a50c-4ef3-9f26-e527a10eecff,423,"",10/6/2025,,,33,93,,76,59
890bcd7b-5cc5-4711-9b48-70e6bdf1de1a,424,"",3/10/2026,,,26,92,,61,82
383ae667-d479-42f9-9a67-47b7a4913137,425,"",11/17/2025,,,35,43,,95,57
168e7396-a988-4279-a915-c4696ab8f9da,426,"",8/25/2025,,,88,68,,29,19
095b35d4-09a7-40be-93f0-2447d64955f6,427,"",8/18/2025,,,67,87,,40,8
c26e293a-60fe-4954-8191-2094d749c267,428,"",2/5/2026,,,85,62,,24,100
ebeabc3e-7eb7-41cb-ab09-e47c220e6a5d,429,"",3/3/2026,,,2,12,,74,72
7cc975cd-a787-46ed-b748-e6155ba68b09,430,"",10/24/2025,,,50,64,,91,85
3c7c8e68-9d60-44ab-a219-a30f45827464,431,"",9/3/2025,,,46,56,,25,66
05ae6912-48bd-4004-ba92-fda6e87c90a2,432,"",1/28/2026,,,93,42,,14,77
48706248-f328-4eff-a278-e3023a4b90ba,433,"",9/22/2025,,,99,41,,25,2
a50d54bf-fa04-453d-9622-9aa36edc1406,434,"",8/13/2025,,,56,81,,66,68
c1921b77-8df2-415e-a42d-38a4cd39a8b4,435,"",10/26/2025,,,83,55,,24,75
06733bec-2944-41c9-ac08-6434fb612fb5,436,"",7/28/2025,,,18,86,,43,13
7b3e4bcc-033d-45c0-848d-72cc925a1653,437,"",12/6/2025,,,70,76,,26,87
569fea61-de51-4ff2-9ac1-15319eda2a3d,438,"",12/5/2025,,,1,10,,43,42
191764ad-d6be-4ebe-a05a-0e9857149bf0,439,"",1/10/2026,,,15,98,,7,36
75e07032-3315-470d-83dd-360bfeb15c24,440,"",2/3/2026,,,24,23,,46,61
54e6e12d-d4aa-4289-bbbc-64c390a409f3,441,"",12/14/2025,,,19,38,,47,23
8c5af0e3-0c15-49c8-8489-659e847acb10,442,"",7/11/2025,,,74,5,,23,10
d3b44547-20b7-4283-be3d-195f463f67ea,443,"",3/20/2026,,,28,2,,19,58
d3ed7633-f12f-4cee-b249-47b9899464c0,444,"",1/31/2026,,,33,53,,95,76
42576f2c-8718-4269-b138-413a28223a54,445,"",12/21/2025,,,20,65,,67,48
8770c380-d27c-45ed-9a83-7696c99f5326,446,"",7/18/2025,,,19,26,,41,31
5f30a443-419a-47eb-a3f7-2765680d26b9,447,"",10/30/2025,,,11,40,,81,18
bf1574b4-c64d-461b-a902-2f876e58b7a1,448,"",2/11/2026,,,53,74,,47,99
9c0ebe6f-04cc-4fd6-9910-60487fa4105c,449,"",6/4/2025,,,28,45,,41,81
09ade953-0713-4c41-8a13-beecfbfcda29,450,"",9/2/2025,,,65,25,,40,2
baa73e6e-122e-47bb-b10f-1444fd986940,451,"",10/5/2025,,,18,97,,31,64
f91440d8-4b86-4025-b6ae-4ea4a97ca19e,452,"",1/21/2026,,,9,83,,69,48
18b60c14-d42c-45c3-87d1-8a4093be4cc8,453,"",3/21/2026,,,27,4,,89,84
029f515f-5b09-4db0-9be1-a77ec3a02b37,454,"",3/15/2026,,,86,78,,70,24
864de97b-2ce1-41cc-befc-194e118c5b85,455,"",7/28/2025,,,74,19,,79,13
89ee7485-cd99-4793-a672-fc6403a1581d,456,"",12/13/2025,,,92,48,,41,59
02d50be7-30ff-4265-b2f5-74cc6b02a5f8,457,"",1/4/2026,,,67,48,,43,88
886e6cce-a06b-44bc-9bb3-d8be4f60f87f,458,"",3/31/2026,,,5,80,,24,80
0543fd64-6190-4528-94fd-d8c58e52ae32,459,"",12/19/2025,,,76,28,,91,100
62f0c61c-9a20-4e37-9111-eb57f24e7de3,460,"",7/7/2025,,,30,97,,74,63
bd15c41b-cf1d-4765-bda0-77fec96d97de,461,"",11/13/2025,,,86,62,,77,1
81327999-23e5-4aa9-9cf0-1781950de856,462,"",12/2/2025,,,20,50,,86,23
01d46751-3830-48fa-91f4-b5097dbf50d4,463,"",12/3/2025,,,76,44,,42,52
b386b4af-fbfd-47f2-9ee7-c9d6ccf2080a,464,"",1/6/2026,,,64,21,,95,77
ed1b182e-f404-49a5-bbfc-7188733d71c4,465,"",6/10/2025,,,93,1,,5,89
af541171-8de5-4a01-b69f-6747b755e787,466,"",10/17/2025,,,90,41,,78,34
822a02c3-71c3-4a81-bc83-a820b6ccef1e,467,"",11/29/2025,,,39,11,,4,38
effb0db9-6fae-4c83-a0ee-94e55ae3b0fd,468,"",4/9/2026,,,79,98,,67,10
c7743d8b-14b9-44da-858e-7675da2aad26,469,"",4/14/2026,,,75,61,,25,15
9f79f45b-06b8-454c-82fb-6d0313778d02,470,"",2/2/2026,,,40,8,,80,21
4ed0dac1-e8ef-460c-9085-67f02c4e529f,471,"",9/16/2025,,,30,7,,44,59
4fb9bf64-fcad-4dec-ac33-bd431dcb4dbd,472,"",10/22/2025,,,73,35,,26,75
8cebd275-c147-4385-9369-25cfb271112f,473,"",7/22/2025,,,57,87,,67,31
0b659dbc-efdc-4332-83ee-0f652cc4d616,474,"",11/15/2025,,,3,86,,85,88
264a847f-257f-42fd-89ec-1294977d7c5b,475,"",11/27/2025,,,13,20,,57,71
3935e7d0-205f-49fe-a15f-d90c23a783b8,476,"",9/22/2025,,,9,85,,70,67
a8746c1f-7299-4170-84ef-37a5110a0430,477,"",11/16/2025,,,86,12,,4,69
15e418ad-7d7d-4c14-83de-59568cea926c,478,"",9/23/2025,,,98,34,,85,97
be3049cd-269d-4304-ba76-1142e7ec0d3b,479,"",10/16/2025,,,76,26,,18,85
ba89f58b-dbcc-467d-95e4-9ff96cd9bc96,480,"",5/20/2025,,,7,17,,92,18
fd9135e0-1667-4de5-a598-430191ea3fb0,481,"",4/8/2026,,,32,64,,17,85
a90ec63b-79ea-416c-8df7-dbae89c2b60e,482,"",3/4/2026,,,97,24,,13,3
b2d982c3-a4fe-4636-a4f0-16eb9e74ba9f,483,"",2/9/2026,,,27,51,,63,85
cbc0da6a-588b-4af4-b82c-9c8c4e0f5285,484,"",7/29/2025,,,59,42,,39,30
ae478cd9-680a-4698-81c3-46457cd0df94,485,"",3/5/2026,,,79,5,,20,29
5128add7-b930-4c5f-b95e-8d11ac361e6a,486,"",6/22/2025,,,57,89,,71,16
5e3b5f6c-bbf2-47f6-a88e-c6d88c730ec5,487,"",3/24/2026,,,74,9,,73,82
765636f9-1154-4138-bba9-d694e0ac74fe,488,"",12/19/2025,,,35,67,,14,42
a8a4c5ea-74a3-4721-97db-77a1e0cb0405,489,"",8/19/2025,,,70,49,,48,19
bbef02a4-1d3d-4c33-99d7-a60f3798d8db,490,"",10/2/2025,,,4,98,,33,87
41acbf5f-78af-441e-887b-24de1019fac8,491,"",9/6/2025,,,74,21,,95,77
1a50709f-e3f4-4188-a4cc-a69371a83044,492,"",12/10/2025,,,90,30,,96,19
f4e726f6-5be1-40ce-ba7c-16310801b8d5,493,"",7/20/2025,,,31,94,,57,69
a00e0fa2-1bab-44ea-8a9f-320929b0404f,494,"",11/5/2025,,,97,46,,36,71
8821e50b-706a-40b4-8398-d08ddd285af3,495,"",4/18/2026,,,97,39,,3,94
1ecde8bd-63d9-4499-a307-42685ac49cf6,496,"",4/9/2026,,,71,36,,51,68
cbd66f69-1af0-4bc8-8d4b-cd2b21772cad,497,"",10/28/2025,,,45,60,,53,91
03e790b3-2ff9-4f80-82bf-55dace5ac754,498,"",6/16/2025,,,2,14,,32,46
b2cb6265-20f3-476a-af9e-22948df153dd,499,"",2/23/2026,,,44,67,,37,85
237ce4b7-cfe7-4d1e-aabd-e2b4fc7b043e,500,"",4/5/2026,,,46,83,,9,47
f9ca3991-86b1-4b1b-8652-0cd9c20dee36,501,"",4/2/2026,,,25,3,,90,41
ba59874c-4ad9-4eec-a46d-7445fdf29f4c,502,"",7/11/2025,,,88,44,,20,72
9aac7fe3-aa61-430e-ac9e-1bbb61a193e0,503,"",4/3/2026,,,54,47,,75,64
5267cd3d-7b43-45c2-9087-a93fe469dac5,504,"",4/29/2025,,,50,80,,80,47
a2498c37-0f5d-44cf-b38b-4c7c3cdb5a75,505,"",11/16/2025,,,28,55,,2,54
7fbb7196-fe68-4140-aaae-4ef81b6808a6,506,"",10/17/2025,,,26,39,,54,32
23b26217-9801-4541-a509-db1500cd5943,507,"",12/18/2025,,,67,45,,74,68
7e5b6d0d-b69e-491a-8c8e-f167e6f2e19f,508,"",2/24/2026,,,81,62,,48,41
3f8f7d40-c5a6-46d0-960f-1697a6a3f618,509,"",10/16/2025,,,41,9,,8,46
7c4260d5-e759-4975-8241-d700703ba3d5,510,"",3/8/2026,,,67,42,,46,30
a6320563-8418-407f-bb4d-28ba4fe6b4d4,511,"",11/21/2025,,,100,11,,34,88
076ab82b-9da9-417b-a803-072e820fde27,512,"",12/30/2025,,,11,10,,21,47
a3d964c6-48f6-4798-8145-3a57f48ed7b4,513,"",11/11/2025,,,70,20,,14,48
250056da-8886-4823-b844-c77e72bebb16,514,"",9/15/2025,,,29,33,,31,67
16db0600-2423-497c-b80e-58c4fcfb20df,515,"",10/28/2025,,,21,78,,56,94
202c16c6-46a1-4b49-b416-8fc23f963bef,516,"",3/24/2026,,,93,62,,41,3
e42d4d34-9c61-4f5c-9ee2-dd7bb93b83b9,517,"",4/11/2026,,,73,73,,13,44
5c5360dd-6924-4636-8003-e6584e958cfd,518,"",5/27/2025,,,60,32,,19,11
6f5a1998-de23-4237-a3c0-af92e5fec894,519,"",2/4/2026,,,94,39,,39,41
b7247616-5519-478b-bc13-54bc4da65350,520,"",1/17/2026,,,99,81,,75,1
ac041729-7b31-4dd1-862a-2438c76b5593,521,"",11/4/2025,,,79,74,,5,86
eb0c783b-8734-47a1-a414-0ec2a8744669,522,"",4/24/2025,,,73,37,,55,21
e08d3b63-bc30-46b9-9568-2c5ec0e82063,523,"",10/2/2025,,,31,4,,65,93
74867732-3319-4a26-98a5-35ee33b57852,524,"",9/29/2025,,,15,29,,90,68
c293bb74-4a5f-4785-b93f-308ddb04512f,525,"",6/14/2025,,,22,60,,55,100
badb7e7f-0b32-434b-a74f-3b798faab3b2,526,"",1/30/2026,,,91,71,,49,53
75e96e0c-77ff-4ec2-9392-b1127b9143cb,527,"",4/12/2026,,,25,89,,8,45
d8e68345-80d3-44df-9115-c8d7ce0368a3,528,"",7/24/2025,,,64,44,,30,25
00e16304-55f8-44eb-ae55-55524fefb917,529,"",9/16/2025,,,85,3,,6,81
7b9c9be7-788a-4419-a270-473b0b426c8c,530,"",4/22/2025,,,3,12,,23,4
a587ef3f-8ed7-4cee-b303-9cd5c9b01e5d,531,"",6/1/2025,,,66,4,,51,15
09b54233-4a9d-4452-91b1-0df2b742946e,532,"",6/27/2025,,,60,56,,48,79
038d64af-1386-49a4-b25a-a3689016487b,533,"",1/11/2026,,,34,47,,24,52
b337694d-7c5b-45f4-ad33-105dc2098122,534,"",4/19/2026,,,22,94,,16,33
aa9484d1-81c4-400d-a626-f0d04283b9a9,535,"",2/10/2026,,,25,99,,97,52
b494a471-0950-46a5-a003-57b93df8ed29,536,"",2/23/2026,,,52,77,,48,13
815d333d-21b1-49b2-9eb0-e0f87192b1c1,537,"",1/18/2026,,,100,93,,44,79
cc3d0f3a-8cce-46cd-b9f0-e935f7293617,538,"",7/21/2025,,,9,22,,37,13
eb400362-cdc9-4a94-b450-ac7addf050e7,539,"",4/3/2026,,,11,50,,18,64
f627280f-3b20-47e8-9965-86e88c1b18ff,540,"",10/29/2025,,,4,76,,36,7
57eda365-0ac8-4fbf-9dcb-81a8463d91d4,541,"",6/11/2025,,,41,6,,40,19
b618ebfa-74f3-4691-9d93-95dba3dd687f,542,"",9/15/2025,,,57,89,,99,21
2ca12529-af25-4cfe-a224-380454b4b119,543,"",8/6/2025,,,60,19,,24,68
5d72236a-b025-4f62-98d2-8cf6d1da7cdf,544,"",3/24/2026,,,11,45,,39,24
bab7a7dc-350b-4aed-801b-0faccd24973e,545,"",12/18/2025,,,50,64,,42,90
af8b86fd-36b3-491c-9e61-89371e1458f6,546,"",1/22/2026,,,19,83,,39,54
dec83673-2b7c-4cad-8d7b-374aa91037b4,547,"",1/16/2026,,,69,100,,71,17
d1b4f845-c66b-4f8b-a077-fe51e16f2fc2,548,"",4/29/2025,,,3,87,,93,77
b27324ac-f6cc-4ba5-b082-19238c0887c4,549,"",10/6/2025,,,86,73,,54,9
507434df-f08d-435b-a3df-dfb17bfc617c,550,"",5/25/2025,,,49,54,,39,8
a5704bad-676a-47bb-943d-2e12b28e6fd5,551,"",1/8/2026,,,67,36,,19,93
19d2f9cc-3649-4e7d-b317-7a148a093b8e,552,"",1/18/2026,,,81,99,,67,13
63050309-0ee7-46c4-acbb-7d548ec5e8b5,553,"",7/12/2025,,,71,16,,15,77
12f0ff5f-60f0-498e-83f2-dd3e78314bff,554,"",11/10/2025,,,72,66,,84,66
8cc8bf86-b81c-4975-9c4e-c2b78d986357,555,"",2/16/2026,,,25,97,,57,26
3eae2be6-796b-4700-af79-ac67fe5eeb26,556,"",8/8/2025,,,90,16,,48,46
ecd4b84f-ace1-4543-8034-4d16abe4a2e6,557,"",9/5/2025,,,65,8,,36,16
cdcfebd2-5295-49fb-9ddc-fc1aafe89cd5,558,"",8/23/2025,,,76,80,,40,6
6314bf8d-e266-45e9-98f5-7c940c592f1f,559,"",4/11/2026,,,83,42,,38,20
35bfacde-3999-48d2-a379-b3f54744d5bd,560,"",2/2/2026,,,42,29,,55,18
ee1bc752-ed09-4a9c-b05d-68c66b407553,561,"",10/31/2025,,,95,43,,64,40
d7c586e3-4410-4638-8881-37d43e3b6b9c,562,"",4/8/2026,,,73,26,,11,64
8c03fe20-26e4-47d9-934f-852378f49f73,563,"",11/13/2025,,,53,7,,93,87
9f922ee1-8914-4f7e-9867-6f46874c03d0,564,"",1/15/2026,,,29,32,,41,85
3e3c0538-50d2-4e92-aa74-3616d2db71a5,565,"",11/23/2025,,,44,14,,19,68
0a6d434f-f303-4a07-b016-b55ef883b84a,566,"",11/3/2025,,,34,79,,46,77
0efda123-f5ed-4a0b-b9b0-d13c183a0c6f,567,"",2/28/2026,,,66,37,,96,65
6d80d0d2-0a99-4b87-be87-466ab956291e,568,"",11/10/2025,,,17,92,,88,10
d68f5bcb-5958-4452-a739-b9aea5f6047e,569,"",6/4/2025,,,60,51,,23,21
f693a8d6-7e08-494f-a498-c24bb4aeaa2a,570,"",9/29/2025,,,49,23,,64,51
e1b271bd-7730-4a8a-9ade-e0505df95f8b,571,"",6/22/2025,,,45,70,,48,29
62a9f38e-bb04-4dcc-972b-b1002047294b,572,"",4/15/2026,,,85,74,,79,44
0e27ffb3-f880-4435-b663-a39db7c925bd,573,"",7/16/2025,,,79,76,,25,62
9efd9835-f095-4a8b-907a-899d80db4f8b,574,"",12/16/2025,,,84,6,,82,61
17121649-b003-4382-b795-4501d5fff449,575,"",4/10/2026,,,15,5,,59,62
11f12d4f-51b7-43a1-ba80-d14b8e7938a6,576,"",3/11/2026,,,66,68,,91,93
5dd4dc62-9977-4fd2-a7ae-479f521bc0e7,577,"",8/21/2025,,,85,69,,59,11
97b0f74b-4575-4e5b-ac26-9fd826334828,578,"",4/30/2025,,,49,77,,60,63
a9570f90-cb57-4b3e-939c-220ae1f74e83,579,"",12/1/2025,,,86,31,,54,40
7df1cc03-f340-4ffb-9fd0-8e6137db6729,580,"",8/24/2025,,,41,63,,3,54
889469a5-e63c-43dc-be44-8f1991f64124,581,"",2/18/2026,,,25,21,,89,2
f5a53258-bf18-407f-b55b-cf35aca93f7d,582,"",12/20/2025,,,53,86,,66,59
267669d4-8235-488d-a75a-d61598553205,583,"",6/30/2025,,,48,98,,18,91
170c2d7e-971e-4c2e-be8c-0c3fa3657c64,584,"",12/11/2025,,,20,95,,70,87
5a532d89-371f-4bcd-9238-d7f545e6d975,585,"",12/10/2025,,,93,31,,3,77
2a704b39-e397-45c6-969a-26f479bb4cdc,586,"",9/13/2025,,,77,17,,76,9
6e1f77cf-fa71-43ab-9841-0ae83d6a202c,587,"",3/1/2026,,,19,32,,59,49
891130b1-c226-4f2c-91ca-35886dbfebec,588,"",10/5/2025,,,70,18,,10,34
bedc8ece-d990-4b88-bf27-7da4c5a4c826,589,"",8/30/2025,,,87,26,,97,23
b5e4afab-9025-4960-9437-435c89d60322,590,"",4/4/2026,,,85,64,,58,65
1b1cd505-8279-4863-9647-20aaeff26608,591,"",4/8/2026,,,47,63,,70,9
1975797b-b0ca-4283-b923-39e2d974b05c,592,"",8/12/2025,,,87,78,,65,88
87d91602-a8c6-4ee7-8bde-86e1191b396d,593,"",6/19/2025,,,38,31,,45,65
13a19b14-f490-4586-b7b5-5094946850fc,594,"",12/31/2025,,,34,2,,8,52
b4f6a8d8-8eb6-4cbf-aa72-a36b6dadc8b1,595,"",3/18/2026,,,61,86,,75,51
612e67d5-01c8-4cc7-b0c3-211b445cdfff,596,"",1/28/2026,,,33,42,,41,76
38008f1f-6b9e-4d3d-a9c3-5ad98dbaea47,597,"",2/5/2026,,,57,14,,70,88
58919d63-bf14-4228-86ae-5b425e8d58e9,598,"",10/3/2025,,,15,37,,64,70
4eabafd3-f270-43a9-befe-48da4e864a83,599,"",4/10/2026,,,35,78,,41,75
6f155bac-73ce-4519-9200-8d4ba8b474b4,600,"",6/6/2025,,,45,95,,88,99
3e724868-27b4-445a-a70a-36849931185b,601,"",9/17/2025,,,43,51,,90,59
144802e7-06c7-451a-b77a-cce0b477a133,602,"",11/16/2025,,,3,41,,57,81
d62a53fb-e36e-4827-b595-3d9a66067aa2,603,"",7/1/2025,,,61,14,,84,48
94ae5e2b-00e1-49eb-b51e-4d2fb139033f,604,"",5/29/2025,,,86,52,,76,38
a9574c82-6deb-4fcb-861d-cfdda181e8cb,605,"",7/7/2025,,,3,36,,26,86
8f7218b4-5515-4beb-9c8b-da08f05b1740,606,"",2/27/2026,,,3,26,,90,33
eab1ed50-48c7-436f-838c-e476708b01c3,607,"",8/24/2025,,,18,73,,27,65
fffe4a51-c013-41ab-aa39-5199336cea81,608,"",11/27/2025,,,32,66,,47,16
5995ebc4-db44-4e1b-a41b-cde1a4ece2af,609,"",9/17/2025,,,9,89,,68,14
a525fec1-db65-44e4-9844-8966fba978bf,610,"",6/13/2025,,,25,48,,6,92
be293d6e-549a-4454-a4a4-2d7a35dc5a7e,611,"",3/7/2026,,,72,61,,28,64
c58f91c5-7ad0-4edb-a303-27d74815d25a,612,"",6/29/2025,,,37,2,,20,13
9688c61f-51ce-43ee-b0c9-e0c502d0b329,613,"",7/20/2025,,,54,10,,38,51
77e89f6a-ecae-4b04-80e5-bd17d9afd5da,614,"",6/18/2025,,,64,30,,66,69
4302af35-3a4d-42f9-ae4d-b405aa826846,615,"",8/8/2025,,,44,89,,34,26
310fb51f-ddc9-44a3-943f-12b7ff66b5a5,616,"",12/15/2025,,,17,5,,86,29
b86118e8-345f-44d0-842b-185a85e6a41c,617,"",4/15/2026,,,77,70,,58,78
fc939fbd-4544-421a-8605-4470a0a0c382,618,"",5/31/2025,,,50,82,,69,43
b5eba021-4bd3-42c3-8df4-38f057b1203f,619,"",4/9/2026,,,38,98,,90,69
b4ae7fd3-8a88-419e-abbe-1d5c8568ecaa,620,"",7/8/2025,,,71,98,,73,27
08cdc41a-0deb-47a4-b832-121175dc4b5b,621,"",7/5/2025,,,69,65,,53,26
2016a7e4-57fa-41e3-b46b-b10d77cfd358,622,"",2/6/2026,,,89,86,,8,48
72170e89-e4f9-440c-b985-ab0266fbf112,623,"",4/29/2025,,,4,60,,28,54
4f0c0ce5-170b-411d-ac48-b74ed0354aac,624,"",2/27/2026,,,37,24,,64,41
196b1095-e31b-4572-bf6d-b4a97b4ff8b2,625,"",3/13/2026,,,69,86,,66,80
8ea5e126-22f7-400e-b1fc-64695d4d125e,626,"",5/20/2025,,,29,18,,50,62
213913fc-5448-40da-80ce-24f0188ad594,627,"",8/28/2025,,,62,77,,11,53
1daf5794-d460-4250-a1d5-97e8f3a883c1,628,"",1/4/2026,,,62,55,,25,33
aee8d588-5cab-4b3c-b1e1-90a67cf76c13,629,"",4/27/2025,,,83,55,,13,4
7a4deb4a-dca9-4b58-b3be-8fa6853407e7,630,"",2/13/2026,,,87,55,,55,27
cc3d9391-11f2-40d6-8db8-b632ef114d24,631,"",7/17/2025,,,4,73,,94,88
d3a3cb74-58aa-48e4-bf73-5eb50aeafac9,632,"",12/24/2025,,,54,26,,6,9
7671dcad-2ba9-484b-8737-5b5b760d4da8,633,"",3/2/2026,,,72,15,,96,90
f28abe47-c934-4440-bee1-90cfac550c38,634,"",9/6/2025,,,38,42,,8,55
c3f92c50-26ba-4369-8f36-e95ee5b183fa,635,"",1/4/2026,,,14,37,,14,94
5e455ff3-b9ac-4040-8b60-156fec40b187,636,"",6/2/2025,,,77,46,,58,57
cb2a480c-5a1e-427c-a4a5-1ad752344336,637,"",1/19/2026,,,32,34,,53,34
8d7142e5-6f94-4d49-90dc-3536788f912b,638,"",7/14/2025,,,65,64,,4,54
6af202cf-69dd-44fc-ace3-4613bc36ff8d,639,"",4/21/2025,,,9,79,,85,28
404127e5-6a13-4a3c-af71-7677420e4462,640,"",1/12/2026,,,41,5,,63,82
7e561646-3857-4a33-abce-4eafff031dd2,641,"",11/30/2025,,,20,12,,25,4
167c3a9e-73db-45b2-aa00-7a7dcac31ac9,642,"",7/9/2025,,,41,22,,41,8
64b65bbb-c40f-40c7-be07-e865f453a26f,643,"",11/26/2025,,,15,55,,73,97
9ac58666-f475-4f56-bf65-89224587e53b,644,"",9/7/2025,,,20,56,,35,49
5501f61c-e67c-44bc-a62b-3dfbdba68d37,645,"",1/12/2026,,,62,25,,30,60
d09f3637-c874-48f1-ad33-f28055df590b,646,"",2/13/2026,,,2,59,,81,55
ed12daa9-0c33-4f66-ac95-50135e183f75,647,"",8/14/2025,,,73,62,,33,84
e6694e2e-5d36-4c02-9978-209fa8813ee9,648,"",12/8/2025,,,65,64,,98,43
90376c44-2a32-437f-8422-bf6efe034007,649,"",4/26/2025,,,70,62,,16,73
f3e79592-e971-4494-8d54-17eec1d39b9c,650,"",7/17/2025,,,94,23,,50,30
2efc23f4-7066-415c-a6ce-2af6d1fe3f9a,651,"",11/15/2025,,,70,4,,55,31
c81eeb03-74ac-46d6-9b3c-b72a809cf215,652,"",5/14/2025,,,46,62,,37,48
6d8e400e-f3da-4910-9c28-38cc3412f82c,653,"",8/2/2025,,,6,21,,53,45
ecf194fb-e434-4908-9ec3-8c73a5cd1f24,654,"",3/12/2026,,,44,9,,100,77
599c1574-7b91-43d4-8cd5-c7e5e2770f7e,655,"",5/31/2025,,,22,73,,56,46
bd6a3fed-bbab-4400-a874-27047dc3e007,656,"",10/14/2025,,,8,89,,30,44
eaa5f12d-de30-41df-8f26-aac60b25b221,657,"",9/15/2025,,,53,44,,51,38
95d4322d-8306-4492-b268-9993fb47d676,658,"",10/6/2025,,,62,98,,55,14
2a89a880-56fc-456c-a14f-e18df9f811ff,659,"",4/30/2025,,,45,15,,54,7
331e0c8d-56a8-4f5f-9ae8-d01999a8e791,660,"",5/22/2025,,,57,32,,87,37
6c8dc9b3-ac07-43b6-b83d-812277d8510e,661,"",11/22/2025,,,33,32,,40,91
e43e21d6-0fb7-4f58-9857-771a5061a1e4,662,"",12/3/2025,,,42,58,,14,16
572d1e1d-dc1c-4cbe-9f80-1ddfebb24821,663,"",3/30/2026,,,84,4,,16,13
0555dd04-969e-469b-a7cd-0944144fb5f9,664,"",12/26/2025,,,43,96,,60,72
613599c9-cfb0-4210-8a45-51cfc232c3ae,665,"",3/14/2026,,,68,93,,10,52
606931ff-9252-4646-b98b-5c150d26b658,666,"",1/16/2026,,,5,8,,32,33
39af209f-05d1-46fb-bfba-d90db262e3ab,667,"",4/11/2026,,,5,70,,41,90
c38d4cb2-5f6f-42ee-a165-02866ec2932e,668,"",11/11/2025,,,19,91,,12,96
5ac5ee52-3e0b-47e1-a1b3-e253325ecf3d,669,"",2/7/2026,,,88,27,,64,76
a992c266-1e0d-47c6-b23f-5f3d4425e621,670,"",9/20/2025,,,80,55,,41,23
067cc9aa-6c92-46e5-bbad-58ec7b9fd5ba,671,"",9/22/2025,,,59,81,,7,10
f9e637a7-b788-4f46-a76d-603a312d44e1,672,"",7/26/2025,,,46,13,,69,55
97dc97db-f471-4f4f-9728-bd864736f423,673,"",12/22/2025,,,48,60,,24,19
70f96d5f-0a22-4b5a-a09d-d8ada729b85d,674,"",10/30/2025,,,75,67,,14,36
dbf3cc7b-433c-4efd-8cbe-3dc36b5f24d4,675,"",6/18/2025,,,96,32,,64,40
e8a5c577-60b1-428c-be7a-c8cf9816005e,676,"",2/12/2026,,,98,86,,75,20
5f42f08f-8248-4b6f-a539-3237b1a66cf6,677,"",10/29/2025,,,13,76,,75,18
a54b991c-7b55-4386-8bc8-a47c83c439f6,678,"",1/19/2026,,,43,38,,74,29
893d8bce-564a-48d7-8fdd-68700ab66a9a,679,"",10/3/2025,,,73,16,,68,84
a7be3f84-cc0f-4fb2-8dbe-83505b7a8ac0,680,"",7/30/2025,,,14,59,,75,42
67bb9e28-b23f-4446-83a2-71fc222c2192,681,"",11/15/2025,,,23,15,,2,67
9dc976af-7724-46ef-9210-424b33d508ad,682,"",12/23/2025,,,72,38,,69,17
df8a5d1d-fe41-441b-824c-58f25e22a09f,683,"",11/30/2025,,,87,30,,87,37
f3de15c9-33d5-4e4b-8a9f-28d779d161d0,684,"",9/16/2025,,,37,60,,2,24
b1aaa343-657d-429b-9780-9a816c464c9b,685,"",11/20/2025,,,10,81,,80,24
b65cec14-0a18-42fb-a32a-c7815975a458,686,"",2/12/2026,,,40,39,,37,98
1bd1a737-f797-4346-8cef-c61f9fc9191e,687,"",11/19/2025,,,24,75,,99,25
f0e3e388-94cd-4c02-b2ea-910516293296,688,"",6/8/2025,,,43,49,,5,9
644225d3-29c2-4e50-bf95-88c63cd4c479,689,"",2/18/2026,,,59,56,,27,99
fe6af3ae-e703-444b-9854-68090e54def7,690,"",1/18/2026,,,18,15,,79,41
b8c91372-b9b9-4c13-bb00-1edc2d5fbe82,691,"",3/2/2026,,,74,79,,59,71
8251b7c8-4753-49cc-937b-8efcb3ac99a6,692,"",12/13/2025,,,17,5,,60,92
3e711aa2-bbaa-4936-950f-35fb4e80383a,693,"",10/2/2025,,,41,46,,85,100
7d2bea55-a9c4-4794-9907-69c51d6ecd0f,694,"",4/29/2025,,,68,13,,32,31
539d688a-3db6-4cba-b587-9f434bd6ca29,695,"",9/10/2025,,,24,55,,50,21
d396fe5e-8dfe-4ea9-a0ec-5d6937dacc8a,696,"",7/8/2025,,,98,95,,28,29
96fb5e59-4fcf-4539-9591-4224677e3ce5,697,"",6/11/2025,,,53,33,,57,14
f6357b5a-2f88-44bd-96a2-0a16d563d14e,698,"",9/1/2025,,,72,57,,57,95
97d8bba2-1719-4aa7-80f1-758e2d7bc4c5,699,"",11/14/2025,,,2,26,,86,64
44df0ab9-48e9-468a-9901-36b780685318,700,"",9/25/2025,,,31,47,,72,13
21331ccf-be4c-49e4-923f-dd2f4afcdcf3,701,"",3/1/2026,,,100,46,,66,96
3292c991-c747-4bc0-8747-3a21b46afc84,702,"",10/28/2025,,,17,96,,34,74
fecdaf2a-30a4-4e7c-a3eb-184c04818631,703,"",1/30/2026,,,40,18,,23,50
11f5b4d0-5cce-4e62-87d0-2ba156104554,704,"",3/9/2026,,,29,43,,22,80
55e8261c-c699-4208-b3f9-af27d7108f15,705,"",2/9/2026,,,26,1,,67,65
0f711088-336e-47ac-b97b-8665ef3f9c23,706,"",6/5/2025,,,17,82,,17,59
dfa9e16e-e2c7-4af4-9ad3-a736e4bd9dac,707,"",10/17/2025,,,74,30,,12,25
520e34ac-8171-496c-bf1a-de6c1157e3c7,708,"",10/17/2025,,,68,38,,22,64
8b4f8431-eef2-4adc-9736-1cd2d6c4f1fc,709,"",1/8/2026,,,35,2,,62,11
b4b8ae22-fedf-4f91-b89a-fae364fd794a,710,"",9/18/2025,,,78,96,,30,90
35f41ed3-a3bf-43d6-81f1-2c3466dd44f9,711,"",5/26/2025,,,95,2,,93,57
ceba02ec-77d3-47f1-8c9c-0b92d57f0e72,712,"",7/23/2025,,,76,79,,38,88
06baea49-9c33-49dd-ad8c-07bb9ad8036b,713,"",2/21/2026,,,59,93,,1,61
8ed915c6-ae4e-44a4-a116-1f405fc13bdd,714,"",12/25/2025,,,31,1,,98,37
c2ce362a-da02-43ae-80e7-27a74ae644cf,715,"",6/10/2025,,,52,38,,85,5
5c1fe17a-8f7e-41b3-b0c1-cdb3c910c795,716,"",5/18/2025,,,44,48,,33,87
a543b0df-7319-4fa2-9b61-b6c46b56ac27,717,"",1/16/2026,,,79,89,,22,9
457d1b30-b8ee-4495-a807-4fa54d11d44d,718,"",8/27/2025,,,98,94,,61,93
2f2ca0dd-09a2-48b6-9af9-cc4c412a6603,719,"",11/17/2025,,,55,26,,24,82
6435f90f-7b3d-40c6-b4f0-7c560dddf60b,720,"",5/10/2025,,,79,21,,48,95
731263df-f433-4d57-a98a-4e9698e4d77c,721,"",11/2/2025,,,11,58,,11,36
293ad284-e0c8-4690-b941-9e26053e33b1,722,"",7/22/2025,,,36,49,,12,40
3cbc1243-5ad5-405a-88d7-e405dde61974,723,"",3/15/2026,,,57,68,,30,95
82cbb26b-87de-44ab-8d92-97316277054d,724,"",7/14/2025,,,11,93,,37,98
22e56966-d2ef-4d9f-87ea-252059754454,725,"",3/30/2026,,,88,29,,83,22
a9011aad-dcc7-45b3-89bb-6be8b1851235,726,"",6/22/2025,,,86,4,,15,21
088a330c-e148-4b0e-bb43-1d993c3fb1ec,727,"",7/31/2025,,,95,43,,36,18
293fbeb1-ed8a-4301-ab7a-fa7ad11f8c9d,728,"",7/6/2025,,,76,45,,19,9
999aa688-482c-4ba8-b233-4382d88b7c99,729,"",5/8/2025,,,3,82,,34,69
044207d9-d08b-4464-b0ce-a3e97c266f68,730,"",3/29/2026,,,4,34,,41,17
f2a6906e-4abc-4910-8e18-8440d7f52daa,731,"",4/3/2026,,,81,12,,97,45
d5586052-06c8-4b2f-a64e-aa670416f988,732,"",8/16/2025,,,31,61,,18,20
c119de2b-6298-4d1d-a59b-8f4105406b9b,733,"",7/3/2025,,,2,29,,17,60
4f7c3429-94a4-420a-bbeb-c31021aacc69,734,"",10/25/2025,,,33,7,,86,41
c41dbb71-094b-4dab-9476-07515844c0c2,735,"",3/31/2026,,,74,70,,59,2
b242b96d-1271-4cbf-8f72-7053b1834351,736,"",1/12/2026,,,20,22,,8,23
62b59b65-4b56-4048-ae9b-483f43e385e6,737,"",10/30/2025,,,42,11,,74,41
4ddeebfc-943f-4a5e-815d-681d7f679097,738,"",3/5/2026,,,51,23,,5,71
297f38d8-03e5-4247-b8aa-3c6c679154ec,739,"",12/6/2025,,,39,8,,61,5
4c7a9d33-a4dd-4b5f-bc09-55cbc40bcc6b,740,"",9/1/2025,,,33,24,,16,38
17866177-8f7d-4171-ae48-ff2c144ab247,741,"",9/22/2025,,,79,73,,24,68
1d45b0f6-78f8-42a1-ad4b-20745937acf5,742,"",12/11/2025,,,12,25,,65,89
994fcf9d-4b13-488a-bcea-29fff3872b70,743,"",7/5/2025,,,94,49,,59,86
2f36ff56-e978-456a-9261-2008fe395e56,744,"",8/30/2025,,,75,45,,51,1
34fb452c-db6a-4a41-b63f-8c5e20caf55d,745,"",8/20/2025,,,67,82,,34,40
4c0f3ed5-e3a2-4ddb-96a7-c31f8b7678f5,746,"",11/8/2025,,,64,36,,63,87
7e56c043-6f7c-41a5-b7a6-a089ebc9dbb5,747,"",2/12/2026,,,35,59,,39,35
09a05906-b9cd-4db4-9c9e-9517c0fdd773,748,"",9/28/2025,,,83,90,,94,37
33a162f5-d45b-477e-816c-30dc0bdd3917,749,"",10/26/2025,,,11,66,,60,27
7c71b146-2147-42d3-92a0-36af61896769,750,"",8/6/2025,,,4,98,,31,54
db764cc8-997b-4916-a553-0da7784930b9,751,"",3/13/2026,,,22,26,,8,73
997f5eb6-c015-4897-b0d4-71a69f5c6e27,752,"",3/11/2026,,,80,88,,81,88
6a1f3e17-5dd8-4d23-a9e4-34b49631a036,753,"",5/14/2025,,,58,31,,19,72
0a426245-e9a7-4687-a17c-8a0a347b1ece,754,"",5/10/2025,,,63,20,,99,32
755f9cce-8665-4d22-af12-34860703980c,755,"",6/10/2025,,,16,62,,82,23
e22de748-5c7c-4fd5-93a6-414c625cefb3,756,"",6/26/2025,,,98,40,,78,78
3b2ebdd0-a551-4f14-ae20-0f8d5573df15,757,"",6/2/2025,,,78,73,,87,34
28d54e51-fd5b-4ec1-99bf-c65940b8bdd9,758,"",6/2/2025,,,27,46,,30,54
26e424c4-7c6c-4302-8a60-4891794d0228,759,"",4/22/2025,,,85,75,,50,25
69240e36-6531-442d-86da-365addcda06f,760,"",10/16/2025,,,25,90,,64,41
4c33dba7-1b6c-4bcd-90bc-ac5daa03f753,761,"",12/9/2025,,,81,1,,66,76
db56713a-eb6d-415d-9f3c-b9b54131ad90,762,"",4/16/2026,,,36,95,,84,36
529e8dcf-e3d7-4fa7-ae64-368821a8062e,763,"",12/25/2025,,,3,67,,87,74
e78cb646-a43e-4ae1-b981-bf457af4c3f3,764,"",11/4/2025,,,19,45,,43,25
dcc0b353-2c47-4e81-9787-89bf12f7521e,765,"",7/25/2025,,,22,33,,45,36
844e0a15-06a2-4a5e-8d17-e5104e4a043d,766,"",11/24/2025,,,56,81,,55,44
501a509d-6b8f-4518-9d28-5b738bb1ab6a,767,"",4/14/2026,,,92,18,,20,26
a9cc8e1f-db04-44aa-ab27-a341f0c0b2d9,768,"",11/8/2025,,,28,87,,64,51
8b91fb50-b5ef-4fa6-9bee-bf2b30776a40,769,"",7/14/2025,,,83,31,,57,19
9ef0a04c-0283-4954-94cd-d605103a0e78,770,"",1/15/2026,,,13,86,,87,46
c3edf5de-94d1-4ecb-a955-f561438e34b0,771,"",2/11/2026,,,88,79,,38,39
ccf8f533-5066-48ef-af20-8cd8c4448087,772,"",9/15/2025,,,9,60,,46,55
3c1d8855-57ee-4640-9e16-e19f6c4c9ee5,773,"",5/9/2025,,,70,44,,62,31
1887f7ad-e4be-47be-8b4e-eacc325308fc,774,"",9/22/2025,,,94,68,,59,5
d951e840-168f-48c6-8c1c-e8433d3ffca6,775,"",1/12/2026,,,55,84,,71,22
7fb432ae-6bf3-4f28-a277-3c7e723e80ae,776,"",7/15/2025,,,5,64,,48,21
87849fff-cfa1-4d8f-bf12-ec91fed2faa7,777,"",2/27/2026,,,96,95,,52,52
72aef0a6-487a-44d7-88d3-dbee923436f5,778,"",6/15/2025,,,89,76,,99,86
49a2bb48-d4a1-4b71-8b43-d08d9ff363ef,779,"",1/12/2026,,,81,76,,100,77
bb1c88a7-b713-44ce-9008-71d35cba979c,780,"",6/24/2025,,,7,68,,73,29
8fc6f939-924f-4c7d-bd38-d6bb89f33aca,781,"",4/15/2026,,,73,76,,64,60
4245a956-db21-41e2-b358-b02c04821478,782,"",6/11/2025,,,17,83,,17,51
949d67dd-39d5-4e7f-9ab7-5422519f6102,783,"",6/13/2025,,,74,36,,51,41
b73b262e-2895-4388-b2de-87515819934a,784,"",3/17/2026,,,6,33,,18,76
519e2425-9f29-4c93-ace1-482b4f2f8280,785,"",12/17/2025,,,58,83,,19,92
ced0aaf6-0594-4713-8df9-8d0824828659,786,"",7/7/2025,,,27,96,,33,32
926ad006-a1e0-484c-879b-b700321e9dd0,787,"",1/1/2026,,,39,88,,41,28
9080dbd5-dc76-4dee-b5c3-2f45d92183be,788,"",2/21/2026,,,61,18,,58,83
2e8715a3-cf7e-413f-9a4a-bf6cc6833dd3,789,"",5/26/2025,,,49,7,,16,86
1f4b5c98-5ae3-4260-ab63-99e4e2c35cbf,790,"",10/24/2025,,,48,21,,57,34
78598dd6-834d-42a8-b95d-a634b705b35c,791,"",12/22/2025,,,62,37,,90,47
c561c54b-599a-424b-9c3d-e73927c31cb2,792,"",3/12/2026,,,52,2,,58,24
b7e74064-3a72-43ff-b122-10063472073e,793,"",2/25/2026,,,14,54,,57,74
2e1527b7-7eea-4bc7-b2c9-bcb03238adbf,794,"",7/16/2025,,,84,7,,39,31
87b8017d-bd45-408e-bf98-ef1357425545,795,"",2/17/2026,,,50,46,,40,69
041d8cd8-c636-4ed0-b5f7-d313baa4097f,796,"",12/11/2025,,,21,11,,36,49
c760432f-3768-4425-995a-91c92083c909,797,"",2/23/2026,,,39,72,,18,96
f3594af7-3da1-44d4-9175-b5cca4837022,798,"",8/30/2025,,,60,74,,32,73
df7a1c30-6d18-4c9a-b7df-1e2568ccb002,799,"",12/21/2025,,,93,42,,98,93
c2556429-04d4-4b52-adc0-9774c56a6a72,800,"",2/6/2026,,,87,39,,96,78
aa244591-3bdd-4975-9db9-fe70bbdfa720,801,"",9/29/2025,,,79,69,,55,95
f9bc6791-3d29-44ab-b43b-ecc22d99fb76,802,"",3/9/2026,,,8,96,,51,18
fbb5e1f1-7545-41fe-b036-96f6d4dc3489,803,"",11/22/2025,,,31,67,,42,3
1b110189-e795-4020-b72c-2b50a2b14492,804,"",2/1/2026,,,75,99,,67,2
d2c89bc5-9d92-4c14-91c9-b96780dd88b0,805,"",1/16/2026,,,54,33,,55,48
6c84f8d3-3a6a-4018-9839-c160393ddf8f,806,"",11/11/2025,,,62,3,,54,84
e695b03c-f78c-423d-a857-34cf93ae17cd,807,"",7/23/2025,,,56,67,,35,55
a3ae227b-99d0-4e14-89f3-efee6789a0d8,808,"",5/24/2025,,,79,11,,69,26
f8c2f358-51ec-4dc7-a01a-bc7a17d9e5d3,809,"",7/13/2025,,,48,61,,1,1
83bcccc6-4173-418a-8ef3-d7b61ea87706,810,"",3/8/2026,,,58,82,,56,93
baeb358f-93a8-4b42-b87b-b0e8a9fdac5e,811,"",11/10/2025,,,78,32,,85,2
be86fd28-0e1d-494c-97c7-a69f6a126210,812,"",5/22/2025,,,38,15,,31,39
7b540906-95fc-48af-b9c4-075266501f11,813,"",11/22/2025,,,6,76,,37,63
2857e98f-e15e-47ed-8113-bf3362ec330e,814,"",10/6/2025,,,81,26,,56,99
341f368b-fd17-407c-8c4d-5276db3e29c1,815,"",10/28/2025,,,97,36,,93,96
7063deb5-db27-48d3-b4c8-fa8a4d7c4be2,816,"",10/14/2025,,,67,84,,23,29
2bce1623-83c1-4399-802b-8ea73e0b4241,817,"",1/23/2026,,,46,73,,52,6
5bf796b7-daee-4b15-8267-698cc0a8fb22,818,"",11/18/2025,,,36,29,,6,20
3e08b550-0f31-44ee-bac0-96c6b242c33e,819,"",8/18/2025,,,49,93,,86,59
b153990d-869b-4dff-9c03-f18b0286d8a3,820,"",3/18/2026,,,25,11,,61,15
f6c41660-871e-4e54-ac5b-f4789076e415,821,"",1/11/2026,,,2,44,,71,23
ddb00d07-02e5-4409-87e4-623aba61b8d6,822,"",5/28/2025,,,10,47,,5,35
912c781d-6867-447d-94ff-3e8099592388,823,"",10/31/2025,,,7,46,,84,35
578f3fbe-2e77-420f-9e31-f5d4448cf0f0,824,"",4/4/2026,,,79,43,,34,32
826644c5-e464-4145-9498-842a43fc62e5,825,"",11/21/2025,,,77,91,,35,4
44a0b024-9740-4406-aa01-3e7c0bca3dbd,826,"",2/26/2026,,,94,63,,42,54
e3c0eda4-5a8c-4d30-ab8a-a651c3ba63b9,827,"",9/14/2025,,,52,100,,40,50
85311bf8-3a80-4ec9-b0da-04acb5164cca,828,"",5/24/2025,,,44,32,,35,56
a536186e-d6fa-4e19-a528-95b242a819d5,829,"",12/31/2025,,,89,42,,31,93
0751aeec-1c46-4a64-8efb-a9a3d40c6f20,830,"",1/18/2026,,,18,56,,40,51
aa342a0d-b6d5-4725-adcc-1f22e9134971,831,"",9/3/2025,,,33,66,,75,91
721d7222-f600-413e-a0c7-01fdc7a1741e,832,"",1/19/2026,,,45,73,,77,96
5b687bc1-e0a6-4f8b-8e46-02f038b7cc53,833,"",6/11/2025,,,59,40,,20,96
a903e28e-ca11-4f13-882f-d46567f7d16b,834,"",7/27/2025,,,93,90,,10,38
2110493d-f05e-4656-9ea6-b9a937e56b95,835,"",5/25/2025,,,70,21,,18,4
be44daf9-a192-47a1-813a-bcddb27eb6f3,836,"",2/13/2026,,,50,30,,51,61
4a946544-3fa3-48e3-9fab-69ed79a3d32b,837,"",2/9/2026,,,52,74,,76,94
82e0b7ed-a1f2-427b-85aa-5935b662deb0,838,"",10/6/2025,,,32,46,,15,57
9aaef27f-e15a-4b87-adf5-ca446281b1cf,839,"",7/10/2025,,,25,22,,22,40
c2240d32-f7ca-4db8-93ec-f89af4338edf,840,"",3/12/2026,,,72,65,,94,63
6cab10c6-2e7f-4dc0-bc9e-c7c46cb1c38b,841,"",10/20/2025,,,24,6,,10,81
51b0d97c-acbe-4897-99df-0df04b019e8a,842,"",10/19/2025,,,92,59,,49,37
43ce6780-2faa-4786-9883-4c822edff55d,843,"",10/18/2025,,,100,100,,17,34
6863678c-70cf-4f2a-93d4-588a69061fe9,844,"",10/28/2025,,,93,87,,48,22
686bf799-2591-4ff1-9c0b-cc37ee0e8b51,845,"",12/10/2025,,,49,1,,78,20
8b1ef19c-ed5e-4dfe-a722-ba5c90a62d80,846,"",3/3/2026,,,6,80,,95,19
57a8ba45-4d3d-4283-b847-a39680f09b78,847,"",6/27/2025,,,96,92,,55,1
6485c998-1b6a-48fd-9d5b-55b01b228426,848,"",12/30/2025,,,85,1,,32,32
14cef97c-bd61-45e8-a371-8497430ba874,849,"",5/5/2025,,,100,3,,60,24
403971d3-9368-42fa-aeba-2e940807c854,850,"",11/8/2025,,,11,70,,91,5
21367eb6-cca3-4759-a61a-1120794ac2db,851,"",8/12/2025,,,73,89,,54,26
d009e4e2-e008-4d2f-8a65-18cfb97bb37e,852,"",1/10/2026,,,2,20,,86,68
d67327e0-a028-4d28-86f2-68d7c57aa73c,853,"",4/21/2025,,,77,52,,95,12
06c6c26b-80cf-414b-a8e8-dcf85abf453d,854,"",7/30/2025,,,80,82,,61,80
9a514736-86b3-4df2-a671-eeaab91dfb91,855,"",11/13/2025,,,18,27,,90,48
fd9431ac-b760-412c-b3bf-3b80d750f12a,856,"",10/16/2025,,,25,59,,81,66
64019dcf-1d9c-4ac6-8740-5bb649cfda89,857,"",3/8/2026,,,34,43,,84,37
fb72bede-2b38-44ab-a444-c063ec168f25,858,"",9/20/2025,,,46,37,,60,30
6d86f79b-b4e9-4e43-bc79-3ab6816ac3f4,859,"",4/28/2025,,,41,76,,45,72
e2f8db0d-777b-4a61-8f61-92cbf10dd26b,860,"",5/14/2025,,,100,70,,84,87
e03e6fbb-c35d-4b7e-bee9-36c877f51a66,861,"",1/22/2026,,,31,87,,95,70
5d9de410-aa9c-40e2-b474-5bdbf84184e0,862,"",1/19/2026,,,37,95,,81,55
18ef47a5-aaf5-4c24-84e2-238bc8a0d0b3,863,"",5/22/2025,,,81,91,,11,36
56a46398-9fa3-45bf-bb52-51847cb7df8f,864,"",9/6/2025,,,12,14,,55,61
629cb1c4-fbba-429e-abc3-7fc9f4e0bd95,865,"",12/30/2025,,,90,98,,99,29
ca5ffa67-82d5-40dd-a003-a1d88630fa3a,866,"",10/21/2025,,,39,83,,44,9
05b3a21a-e28a-4013-8543-0482eda7f52e,867,"",6/24/2025,,,83,69,,24,37
cac3479f-9544-450a-9075-3f88449618d0,868,"",11/24/2025,,,2,59,,29,96
0742bacf-84e2-442f-bf23-a18d1e6e0620,869,"",12/27/2025,,,10,96,,67,88
9bf1b530-16c2-483b-8d00-1a1f74cae521,870,"",6/16/2025,,,24,88,,75,76
250956b9-c98f-4717-9869-2bc14aac8d4e,871,"",1/16/2026,,,63,64,,39,86
ef187732-5894-450d-9ea0-9e68ac8d8e2b,872,"",12/4/2025,,,72,87,,99,49
b2fb44b5-f062-45e2-ac6f-c03fee6df3b8,873,"",3/29/2026,,,13,14,,59,53
c9356d36-10e3-4ada-bcd1-dca0dba4c567,874,"",9/8/2025,,,4,17,,44,93
76eda798-e924-46c6-b98d-f24ad20b1671,875,"",10/31/2025,,,81,75,,39,89
ef7b4a16-db84-4dfa-8c7e-311265d4f06a,876,"",6/21/2025,,,79,70,,43,53
cd603098-7122-4ca5-9401-218ba25d19b3,877,"",5/9/2025,,,61,30,,24,24
793fd794-9d2c-462b-a1b8-2756d625c904,878,"",12/6/2025,,,80,2,,11,81
0aebb8d8-768e-48b7-9b68-cceb7cc91277,879,"",9/23/2025,,,24,73,,46,60
7bf67fa9-58c1-43c1-acf5-9c0c32a389b6,880,"",4/30/2025,,,42,69,,36,66
7d4ebff6-bdef-4d72-af27-41789455c685,881,"",2/7/2026,,,95,90,,76,44
ec06448e-4e3d-4a68-88f9-3667aefe7a02,882,"",5/1/2025,,,77,88,,33,54
570c0aba-703f-4ced-a72a-26f5eb76d1db,883,"",5/24/2025,,,74,62,,46,67
926b2a38-3b0d-41df-95f6-c69b7a9ca42d,884,"",2/16/2026,,,7,30,,75,42
6e7892cf-6b61-4c99-b5c2-4b1e0bd20140,885,"",1/16/2026,,,14,100,,77,16
e1990794-e851-4d55-80ff-7487ac56312e,886,"",4/19/2026,,,91,81,,6,53
874a7da1-8af8-4a3e-ab21-586714b97535,887,"",4/14/2026,,,63,38,,34,74
2b1c1a40-4384-406f-870b-2e6820656a00,888,"",8/26/2025,,,8,99,,75,93
1ce577ac-dfcb-433e-98da-fd233cd47653,889,"",4/10/2026,,,13,4,,5,68
78b7a5e4-be2d-480c-96fe-d36eee9384f4,890,"",5/31/2025,,,47,81,,39,96
95af82e7-e786-4c13-b715-1f64a8e7138d,891,"",10/21/2025,,,38,77,,10,23
5515ad94-953d-4203-9f2c-21f959fe60a8,892,"",7/10/2025,,,11,66,,73,41
f5111115-56c1-4789-a56e-52bb3732cc8a,893,"",1/23/2026,,,50,41,,86,63
fafb22a8-c31d-425a-99e2-9aef9656e999,894,"",12/15/2025,,,53,20,,74,72
426635ea-df33-4f5b-9dc2-691ac43f4c15,895,"",1/16/2026,,,71,97,,82,94
d49edfe2-7abe-4360-8bb2-1e3797bda284,896,"",6/7/2025,,,31,52,,82,100
43689431-fc73-4b30-ad98-fba851d1aca2,897,"",5/6/2025,,,87,23,,30,59
cca0b7da-c472-4f2d-bf5f-63ccbcb9b270,898,"",8/5/2025,,,7,52,,90,22
de200b9b-82bc-4751-b03a-0c38d01db405,899,"",6/21/2025,,,50,98,,25,24
12fa673c-10df-427e-b6e8-c591cb4f976b,900,"",12/16/2025,,,61,80,,45,67
43f3799b-21d3-4ac0-91a4-b36bec8a9f62,901,"",7/31/2025,,,17,1,,63,91
1abca954-5ad0-4f31-8d4d-0c090bccc297,902,"",12/26/2025,,,9,30,,17,30
f614a1ec-b3f5-401c-8ad7-1011fec2cba4,903,"",10/3/2025,,,50,86,,94,26
d9587b2e-cd62-4318-80f5-07fb3acd0f0a,904,"",10/18/2025,,,17,38,,32,71
7b6a6e83-c253-4e22-9f5b-e8de13e36e93,905,"",11/4/2025,,,90,62,,54,47
fa14523a-fbe3-4217-b9e6-00b9a8b3e54f,906,"",9/28/2025,,,62,58,,19,75
1c4baeb8-444b-40d9-8b76-8c68909d6236,907,"",6/9/2025,,,24,74,,44,96
37db3785-c990-4847-b96a-833228bb195b,908,"",5/26/2025,,,72,23,,28,37
78d45ff5-cada-4883-bd4d-b09445cd78c8,909,"",9/26/2025,,,16,17,,10,76
22590680-8c97-49bd-853e-7b0332218301,910,"",11/30/2025,,,24,49,,1,65
beda1134-1b23-4fdb-b335-539d7d3b31ae,911,"",12/29/2025,,,21,18,,63,5
99e445b7-decc-45e1-b658-375b1114ff83,912,"",6/11/2025,,,98,48,,90,20
0d996f00-3698-4046-81af-6e192154ea35,913,"",12/17/2025,,,87,23,,5,84
6f841e4e-6abe-48b8-b74f-f96a19211789,914,"",8/2/2025,,,25,90,,41,66
31a029de-7e8c-4dff-b4e7-fc0dd56fef95,915,"",9/20/2025,,,32,43,,76,90
2c795620-c6e3-4cee-bc40-dd8265f9a551,916,"",9/4/2025,,,78,32,,9,75
82777a79-1d9d-46a8-b958-87caf8deb4b4,917,"",2/16/2026,,,43,94,,22,28
2bb1c8e4-da22-4bb3-9bd6-fd23e9d2c6b4,918,"",1/8/2026,,,25,99,,53,48
81d774b8-39d0-4ed9-b3b5-6e1c72bc17d1,919,"",1/4/2026,,,59,28,,68,42
6b20c465-5225-42fb-9d85-e82bfd259f0a,920,"",8/26/2025,,,53,1,,11,93
1aaa1666-5386-4f74-9320-9f5406d4b800,921,"",11/29/2025,,,12,29,,75,1
27e9d93e-d2f6-46fb-b724-c5af8e00a809,922,"",7/22/2025,,,21,51,,99,53
44232cd0-5b42-4042-8ad8-d96e3ceb4f36,923,"",3/12/2026,,,90,88,,37,10
083a3f0e-71ac-4224-b4a7-e4ca0f0abc4b,924,"",6/20/2025,,,23,64,,55,19
b7063fe4-8b9d-4936-b90a-a103984a8777,925,"",2/7/2026,,,36,24,,79,20
d6a5abba-3727-4212-983c-649476ab9cf2,926,"",6/27/2025,,,18,33,,37,19
22b85df8-54e9-4385-8b80-1cdd5df09264,927,"",12/7/2025,,,73,73,,81,1
fd3927c0-c853-4f08-beb7-44b6f2f7fde1,928,"",2/22/2026,,,80,25,,90,51
1ea414cd-484d-4bd6-b197-42fc8f156841,929,"",1/19/2026,,,40,18,,67,2
2ef327ef-ab29-4911-8142-676f6397f593,930,"",1/5/2026,,,31,39,,1,2
4b360b99-6690-44c8-a233-df49f5c6a75b,931,"",5/18/2025,,,73,94,,73,76
0fd2d49f-884c-4782-9668-1381630824b2,932,"",10/9/2025,,,41,79,,12,43
9fff5b9d-8e8f-43a1-96b5-b47892212611,933,"",9/19/2025,,,12,52,,4,28
99f98770-fc5e-4ffb-b6dd-8e63231d62f1,934,"",5/29/2025,,,20,72,,15,63
549ebfd2-d258-40c3-9398-89bd33e5b58b,935,"",10/17/2025,,,38,48,,84,33
36e32161-37ae-4a45-aac0-4e794c5b2e51,936,"",7/11/2025,,,25,99,,75,50
b71296c6-a374-4477-8d63-bfc5d0c8e046,937,"",1/14/2026,,,62,94,,14,36
13321fba-7da8-4a42-8d6a-1734b28b0f7a,938,"",7/22/2025,,,3,58,,40,79
0e1ceaa7-3cef-4b4b-820b-1f551e5b3d99,939,"",2/10/2026,,,60,96,,8,57
b434e8b2-3b24-44e7-a830-2f185df1d42e,940,"",12/30/2025,,,91,81,,54,64
63efd5f3-d656-4606-8501-640bc02862a0,941,"",9/15/2025,,,53,37,,7,38
d5b1838e-390d-47c5-a4de-f5d1a616d58e,942,"",4/18/2026,,,2,62,,78,38
132ee9a3-59fa-4218-84be-cb3b51de90f9,943,"",4/18/2026,,,13,57,,60,67
bc34fe16-6e48-4b79-bed7-81bc72cb9e65,944,"",5/17/2025,,,50,13,,8,71
aff2b0ea-478e-46d9-bcde-a73f5e90b631,945,"",1/9/2026,,,76,67,,56,21
e4107d31-bdd4-4ed3-bd25-74680abea534,946,"",4/20/2025,,,74,48,,35,55
46e49a3a-91d5-417a-b994-253f3d21659b,947,"",1/17/2026,,,69,70,,88,72
f47ca9b1-5144-4adc-9d49-fe784fd798f6,948,"",6/12/2025,,,46,56,,37,69
14d246f4-77cd-4e1c-b88f-41a4672dfa7e,949,"",11/20/2025,,,4,87,,45,84
bc64b54c-9115-4875-bd5b-cb0bb49a6ca6,950,"",4/27/2025,,,10,93,,16,17
ac1f6dce-7026-4c40-a971-f52559947608,951,"",1/13/2026,,,64,64,,39,3
33b0e706-53ff-4cde-98fb-69bdb41bd3a1,952,"",6/18/2025,,,100,78,,21,100
020844b8-78bc-4488-8d0c-bfdc10fc51ef,953,"",9/20/2025,,,76,97,,30,28
feeb57d3-7b8d-47e7-be60-ec421eb4ff70,954,"",6/4/2025,,,52,71,,65,58
f58c8778-af25-42f2-b17c-c2ffc0beaf80,955,"",8/13/2025,,,34,27,,1,26
f05cccaa-5ed1-481f-95b9-2d07bfdabdb6,956,"",7/11/2025,,,70,45,,40,58
d9eadf1d-342a-41e4-bfd3-7623d14e7a9a,957,"",5/6/2025,,,14,37,,100,32
ba2b0195-5e4f-4d70-9971-d169bc79a004,958,"",4/10/2026,,,100,13,,68,87
4917c7b1-e842-4372-adbc-f6605ed29005,959,"",3/1/2026,,,91,91,,93,24
6336fa7c-c174-41ab-96cc-a7ed444263ed,960,"",11/20/2025,,,16,42,,94,75
813c7dae-a59a-49ab-a1dc-ee93986b3c16,961,"",11/22/2025,,,11,100,,44,91
aae1726a-0b8b-48e5-8cba-594b8ddf95ba,962,"",1/4/2026,,,91,13,,98,63
b672ee99-5a98-4ab1-a587-eab27a6b5d8f,963,"",4/18/2026,,,14,97,,43,48
2179cb81-d264-42d4-903e-38cf6a4e9d70,964,"",6/29/2025,,,9,64,,45,19
21b75374-a229-4bb1-8fce-fcfb467c7818,965,"",6/6/2025,,,66,28,,96,14
8b9f7483-26e3-4e43-a67a-45eeed60a6ff,966,"",7/18/2025,,,41,72,,99,10
f4a071f8-0057-4c93-a79c-22fe8334726c,967,"",12/12/2025,,,60,13,,52,1
ec742b48-854d-476e-bff8-56044b0e2e80,968,"",7/12/2025,,,86,86,,94,80
67262506-4d7f-4beb-9bbe-c3ead5f0b97c,969,"",12/16/2025,,,19,49,,74,42
82d97086-735d-4ad8-8b77-4843be069671,970,"",1/14/2026,,,38,73,,6,72
fd2064b0-2259-4fbf-a950-c64af487f5f4,971,"",5/7/2025,,,14,97,,6,15
548da5b4-8a8a-43d7-8a73-969ef8f2a21c,972,"",9/24/2025,,,82,86,,96,88
cf17dbfb-ca86-48b2-8433-e82ddd20664d,973,"",9/19/2025,,,57,100,,33,25
f29d109a-6db6-48c7-83bb-0e2559e94944,974,"",3/14/2026,,,83,18,,13,27
e9000234-5f7a-46c4-be9b-28bba92a875f,975,"",3/3/2026,,,39,66,,61,92
4eeb36a2-3fd6-4937-bb8b-41ec70ec5b08,976,"",9/24/2025,,,2,93,,50,81
e4f6460c-f64d-44f8-ac91-6b9808991fbf,977,"",11/29/2025,,,61,32,,71,8
38b816da-f735-4288-81d2-4dcf7c5078e9,978,"",10/22/2025,,,42,83,,24,86
6fc51677-2ab0-4730-9679-aeb2b5f3c5f8,979,"",6/14/2025,,,72,81,,18,21
977469f6-886d-4dec-9856-289ca17e8867,980,"",2/2/2026,,,46,63,,65,98
18802877-041c-4def-bd0b-b622839f4f5d,981,"",12/8/2025,,,35,44,,8,21
77fdfe9a-fb47-4099-890b-6af72106839f,982,"",5/15/2025,,,62,78,,42,60
b087c733-1046-416e-8cc2-f0fb661c0676,983,"",3/31/2026,,,47,98,,75,20
e71f33ee-6030-4d11-9644-025a0a6bc692,984,"",5/6/2025,,,11,79,,40,54
4da75c94-6780-47c7-93f9-8f6870bf80d2,985,"",10/11/2025,,,55,63,,13,11
61b2401c-53d6-4005-9f07-681a4171d468,986,"",9/24/2025,,,31,75,,5,27
1300467f-bdd5-409a-9fd5-b0b8e34c88f0,987,"",12/31/2025,,,67,21,,40,93
f483163a-e102-467b-9f93-2b94175f01d2,988,"",5/26/2025,,,74,13,,42,15
2edfa69e-aaae-40bb-b95e-f755b5f2b813,989,"",1/24/2026,,,35,54,,25,23
0a9fcbc8-e2e5-4752-ae11-70f4f67d131e,990,"",5/19/2025,,,39,25,,31,86
00a97060-bed1-4537-8ba5-233e1d8327a5,991,"",9/5/2025,,,37,14,,77,4
085b2759-e494-4d0d-9195-19adbbc11709,992,"",9/5/2025,,,35,97,,18,61
5b850fbd-429f-47e9-9af9-b2cb9688f83a,993,"",3/23/2026,,,7,52,,75,45
6b080409-41ea-4b09-aeb2-04967b9a6fbc,994,"",9/20/2025,,,90,26,,10,8
20c64178-72bf-410a-82f1-96a69561ac9b,995,"",12/17/2025,,,72,83,,76,8
56d9ad3a-bb28-4e3b-bec0-8c69c6764c51,996,"",2/8/2026,,,67,8,,97,95
78517a27-0766-4d9d-aa10-f4fcb017ce29,997,"",11/11/2025,,,21,81,,7,8
f2c65ca9-0eb1-499a-a0d8-2ba934bc6ba8,998,"",9/4/2025,,,21,47,,81,88
d9c9a655-c861-462f-bb47-fe840211a191,999,"",9/10/2025,,,64,92,,55,14
03f03860-67af-42fa-bd47-241714128316,1000,"",12/31/2025,,,11,26,,98,32
